level,name,sid,at_least_one_in_four_slots,expected_slots_for_one,expected_slots_for_three,slot_probability,tier
1,妙蛙种子,1,0.11255777,34.0,102.0,0.02941176,1
2,妙蛙种子,1,0.11255777,34.0,102.0,0.02941176,1
3,妙蛙种子,1,0.08535844,45.3333,136.0,0.02205882,1
4,妙蛙种子,1,0.06874161,56.6667,170.0,0.01764706,1
5,妙蛙种子,1,0.05753863,68.0,204.0,0.01470588,1
6,妙蛙种子,1,0.04623487,85.0,255.0,0.01176471,1
7,妙蛙种子,1,0.03482973,113.3333,340.0,0.00882353,1
1,妙蛙草,2,0.0,,,0.0,2
2,妙蛙草,2,0.0,,,0.0,2
3,妙蛙草,2,0.03088569,128.0,384.0,0.0078125,2
4,妙蛙草,2,0.04303745,91.4286,274.2857,0.0109375,2
5,妙蛙草,2,0.04907029,80.0,240.0,0.0125,2
6,妙蛙草,2,0.05507456,71.1111,213.3333,0.0140625,2
7,妙蛙草,2,0.05507456,71.1111,213.3333,0.0140625,2
1,妙蛙花,3,0.0,,,0.0,3
2,妙蛙花,3,0.0,,,0.0,3
3,妙蛙花,3,0.0,,,0.0,3
4,妙蛙花,3,0.0110649,360.0,1080.0,0.00277778,3
5,妙蛙花,3,0.02203772,180.0,540.0,0.00555556,3
6,妙蛙花,3,0.03291898,120.0,360.0,0.00833333,3
7,妙蛙花,3,0.05440883,72.0,216.0,0.01388889,3
1,小火龙,4,0.11255777,34.0,102.0,0.02941176,1
2,小火龙,4,0.11255777,34.0,102.0,0.02941176,1
3,小火龙,4,0.08535844,45.3333,136.0,0.02205882,1
4,小火龙,4,0.06874161,56.6667,170.0,0.01764706,1
5,小火龙,4,0.05753863,68.0,204.0,0.01470588,1
6,小火龙,4,0.04623487,85.0,255.0,0.01176471,1
7,小火龙,4,0.03482973,113.3333,340.0,0.00882353,1
1,火恐龙,5,0.0,,,0.0,2
2,火恐龙,5,0.0,,,0.0,2
3,火恐龙,5,0.03088569,128.0,384.0,0.0078125,2
4,火恐龙,5,0.04303745,91.4286,274.2857,0.0109375,2
5,火恐龙,5,0.04907029,80.0,240.0,0.0125,2
6,火恐龙,5,0.05507456,71.1111,213.3333,0.0140625,2
7,火恐龙,5,0.05507456,71.1111,213.3333,0.0140625,2
1,喷火龙,6,0.0,,,0.0,3
2,喷火龙,6,0.0,,,0.0,3
3,喷火龙,6,0.0,,,0.0,3
4,喷火龙,6,0.0110649,360.0,1080.0,0.00277778,3
5,喷火龙,6,0.02203772,180.0,540.0,0.00555556,3
6,喷火龙,6,0.03291898,120.0,360.0,0.00833333,3
7,喷火龙,6,0.05440883,72.0,216.0,0.01388889,3
1,杰尼龟,7,0.11255777,34.0,102.0,0.02941176,1
2,杰尼龟,7,0.11255777,34.0,102.0,0.02941176,1
3,杰尼龟,7,0.08535844,45.3333,136.0,0.02205882,1
4,杰尼龟,7,0.06874161,56.6667,170.0,0.01764706,1
5,杰尼龟,7,0.05753863,68.0,204.0,0.01470588,1
6,杰尼龟,7,0.04623487,85.0,255.0,0.01176471,1
7,杰尼龟,7,0.03482973,113.3333,340.0,0.00882353,1
1,卡咪龟,8,0.0,,,0.0,2
2,卡咪龟,8,0.0,,,0.0,2
3,卡咪龟,8,0.03088569,128.0,384.0,0.0078125,2
4,卡咪龟,8,0.04303745,91.4286,274.2857,0.0109375,2
5,卡咪龟,8,0.04907029,80.0,240.0,0.0125,2
6,卡咪龟,8,0.05507456,71.1111,213.3333,0.0140625,2
7,卡咪龟,8,0.05507456,71.1111,213.3333,0.0140625,2
1,水箭龟,9,0.0,,,0.0,3
2,水箭龟,9,0.0,,,0.0,3
3,水箭龟,9,0.0,,,0.0,3
4,水箭龟,9,0.0110649,360.0,1080.0,0.00277778,3
5,水箭龟,9,0.02203772,180.0,540.0,0.00555556,3
6,水箭龟,9,0.03291898,120.0,360.0,0.00833333,3
7,水箭龟,9,0.05440883,72.0,216.0,0.01388889,3
1,绿毛虫,10,0.11255777,34.0,102.0,0.02941176,1
2,绿毛虫,10,0.11255777,34.0,102.0,0.02941176,1
3,绿毛虫,10,0.08535844,45.3333,136.0,0.02205882,1
4,绿毛虫,10,0.06874161,56.6667,170.0,0.01764706,1
5,绿毛虫,10,0.05753863,68.0,204.0,0.01470588,1
6,绿毛虫,10,0.04623487,85.0,255.0,0.01176471,1
7,绿毛虫,10,0.03482973,113.3333,340.0,0.00882353,1
1,铁甲蛹,11,0.11255777,34.0,102.0,0.02941176,1
2,铁甲蛹,11,0.11255777,34.0,102.0,0.02941176,1
3,铁甲蛹,11,0.08535844,45.3333,136.0,0.02205882,1
4,铁甲蛹,11,0.06874161,56.6667,170.0,0.01764706,1
5,铁甲蛹,11,0.05753863,68.0,204.0,0.01470588,1
6,铁甲蛹,11,0.04623487,85.0,255.0,0.01176471,1
7,铁甲蛹,11,0.03482973,113.3333,340.0,0.00882353,1
1,巴大蝶,12,0.0,,,0.0,2
2,巴大蝶,12,0.0,,,0.0,2
3,巴大蝶,12,0.03088569,128.0,384.0,0.0078125,2
4,巴大蝶,12,0.04303745,91.4286,274.2857,0.0109375,2
5,巴大蝶,12,0.04907029,80.0,240.0,0.0125,2
6,巴大蝶,12,0.05507456,71.1111,213.3333,0.0140625,2
7,巴大蝶,12,0.05507456,71.1111,213.3333,0.0140625,2
1,独角虫,13,0.11255777,34.0,102.0,0.02941176,1
2,独角虫,13,0.11255777,34.0,102.0,0.02941176,1
3,独角虫,13,0.08535844,45.3333,136.0,0.02205882,1
4,独角虫,13,0.06874161,56.6667,170.0,0.01764706,1
5,独角虫,13,0.05753863,68.0,204.0,0.01470588,1
6,独角虫,13,0.04623487,85.0,255.0,0.01176471,1
7,独角虫,13,0.03482973,113.3333,340.0,0.00882353,1
1,铁壳蛹,14,0.11255777,34.0,102.0,0.02941176,1
2,铁壳蛹,14,0.11255777,34.0,102.0,0.02941176,1
3,铁壳蛹,14,0.08535844,45.3333,136.0,0.02205882,1
4,铁壳蛹,14,0.06874161,56.6667,170.0,0.01764706,1
5,铁壳蛹,14,0.05753863,68.0,204.0,0.01470588,1
6,铁壳蛹,14,0.04623487,85.0,255.0,0.01176471,1
7,铁壳蛹,14,0.03482973,113.3333,340.0,0.00882353,1
1,大针蜂,15,0.0,,,0.0,2
2,大针蜂,15,0.0,,,0.0,2
3,大针蜂,15,0.03088569,128.0,384.0,0.0078125,2
4,大针蜂,15,0.04303745,91.4286,274.2857,0.0109375,2
5,大针蜂,15,0.04907029,80.0,240.0,0.0125,2
6,大针蜂,15,0.05507456,71.1111,213.3333,0.0140625,2
7,大针蜂,15,0.05507456,71.1111,213.3333,0.0140625,2
1,波波,16,0.11255777,34.0,102.0,0.02941176,1
2,波波,16,0.11255777,34.0,102.0,0.02941176,1
3,波波,16,0.08535844,45.3333,136.0,0.02205882,1
4,波波,16,0.06874161,56.6667,170.0,0.01764706,1
5,波波,16,0.05753863,68.0,204.0,0.01470588,1
6,波波,16,0.04623487,85.0,255.0,0.01176471,1
7,波波,16,0.03482973,113.3333,340.0,0.00882353,1
1,比比鸟,17,0.11255777,34.0,102.0,0.02941176,1
2,比比鸟,17,0.11255777,34.0,102.0,0.02941176,1
3,比比鸟,17,0.08535844,45.3333,136.0,0.02205882,1
4,比比鸟,17,0.06874161,56.6667,170.0,0.01764706,1
5,比比鸟,17,0.05753863,68.0,204.0,0.01470588,1
6,比比鸟,17,0.04623487,85.0,255.0,0.01176471,1
7,比比鸟,17,0.03482973,113.3333,340.0,0.00882353,1
1,大比鸟,18,0.0,,,0.0,2
2,大比鸟,18,0.0,,,0.0,2
3,大比鸟,18,0.03088569,128.0,384.0,0.0078125,2
4,大比鸟,18,0.04303745,91.4286,274.2857,0.0109375,2
5,大比鸟,18,0.04907029,80.0,240.0,0.0125,2
6,大比鸟,18,0.05507456,71.1111,213.3333,0.0140625,2
7,大比鸟,18,0.05507456,71.1111,213.3333,0.0140625,2
1,小拉达,19,0.11255777,34.0,102.0,0.02941176,1
2,小拉达,19,0.11255777,34.0,102.0,0.02941176,1
3,小拉达,19,0.08535844,45.3333,136.0,0.02205882,1
4,小拉达,19,0.06874161,56.6667,170.0,0.01764706,1
5,小拉达,19,0.05753863,68.0,204.0,0.01470588,1
6,小拉达,19,0.04623487,85.0,255.0,0.01176471,1
7,小拉达,19,0.03482973,113.3333,340.0,0.00882353,1
1,拉达,20,0.0,,,0.0,2
2,拉达,20,0.0,,,0.0,2
3,拉达,20,0.03088569,128.0,384.0,0.0078125,2
4,拉达,20,0.04303745,91.4286,274.2857,0.0109375,2
5,拉达,20,0.04907029,80.0,240.0,0.0125,2
6,拉达,20,0.05507456,71.1111,213.3333,0.0140625,2
7,拉达,20,0.05507456,71.1111,213.3333,0.0140625,2
1,烈雀,21,0.11255777,34.0,102.0,0.02941176,1
2,烈雀,21,0.11255777,34.0,102.0,0.02941176,1
3,烈雀,21,0.08535844,45.3333,136.0,0.02205882,1
4,烈雀,21,0.06874161,56.6667,170.0,0.01764706,1
5,烈雀,21,0.05753863,68.0,204.0,0.01470588,1
6,烈雀,21,0.04623487,85.0,255.0,0.01176471,1
7,烈雀,21,0.03482973,113.3333,340.0,0.00882353,1
1,大嘴雀,22,0.0,,,0.0,2
2,大嘴雀,22,0.0,,,0.0,2
3,大嘴雀,22,0.03088569,128.0,384.0,0.0078125,2
4,大嘴雀,22,0.04303745,91.4286,274.2857,0.0109375,2
5,大嘴雀,22,0.04907029,80.0,240.0,0.0125,2
6,大嘴雀,22,0.05507456,71.1111,213.3333,0.0140625,2
7,大嘴雀,22,0.05507456,71.1111,213.3333,0.0140625,2
1,皮卡丘,25,0.11255777,34.0,102.0,0.02941176,1
2,皮卡丘,25,0.11255777,34.0,102.0,0.02941176,1
3,皮卡丘,25,0.08535844,45.3333,136.0,0.02205882,1
4,皮卡丘,25,0.06874161,56.6667,170.0,0.01764706,1
5,皮卡丘,25,0.05753863,68.0,204.0,0.01470588,1
6,皮卡丘,25,0.04623487,85.0,255.0,0.01176471,1
7,皮卡丘,25,0.03482973,113.3333,340.0,0.00882353,1
1,雷丘,26,0.0,,,0.0,2
2,雷丘,26,0.0,,,0.0,2
3,雷丘,26,0.03088569,128.0,384.0,0.0078125,2
4,雷丘,26,0.04303745,91.4286,274.2857,0.0109375,2
5,雷丘,26,0.04907029,80.0,240.0,0.0125,2
6,雷丘,26,0.05507456,71.1111,213.3333,0.0140625,2
7,雷丘,26,0.05507456,71.1111,213.3333,0.0140625,2
1,尼多兰,29,0.11255777,34.0,102.0,0.02941176,1
2,尼多兰,29,0.11255777,34.0,102.0,0.02941176,1
3,尼多兰,29,0.08535844,45.3333,136.0,0.02205882,1
4,尼多兰,29,0.06874161,56.6667,170.0,0.01764706,1
5,尼多兰,29,0.05753863,68.0,204.0,0.01470588,1
6,尼多兰,29,0.04623487,85.0,255.0,0.01176471,1
7,尼多兰,29,0.03482973,113.3333,340.0,0.00882353,1
1,尼多娜,30,0.0,,,0.0,2
2,尼多娜,30,0.0,,,0.0,2
3,尼多娜,30,0.03088569,128.0,384.0,0.0078125,2
4,尼多娜,30,0.04303745,91.4286,274.2857,0.0109375,2
5,尼多娜,30,0.04907029,80.0,240.0,0.0125,2
6,尼多娜,30,0.05507456,71.1111,213.3333,0.0140625,2
7,尼多娜,30,0.05507456,71.1111,213.3333,0.0140625,2
1,尼多后,31,0.0,,,0.0,2
2,尼多后,31,0.0,,,0.0,2
3,尼多后,31,0.03088569,128.0,384.0,0.0078125,2
4,尼多后,31,0.04303745,91.4286,274.2857,0.0109375,2
5,尼多后,31,0.04907029,80.0,240.0,0.0125,2
6,尼多后,31,0.05507456,71.1111,213.3333,0.0140625,2
7,尼多后,31,0.05507456,71.1111,213.3333,0.0140625,2
1,尼多朗,32,0.11255777,34.0,102.0,0.02941176,1
2,尼多朗,32,0.11255777,34.0,102.0,0.02941176,1
3,尼多朗,32,0.08535844,45.3333,136.0,0.02205882,1
4,尼多朗,32,0.06874161,56.6667,170.0,0.01764706,1
5,尼多朗,32,0.05753863,68.0,204.0,0.01470588,1
6,尼多朗,32,0.04623487,85.0,255.0,0.01176471,1
7,尼多朗,32,0.03482973,113.3333,340.0,0.00882353,1
1,尼多力诺,33,0.0,,,0.0,2
2,尼多力诺,33,0.0,,,0.0,2
3,尼多力诺,33,0.03088569,128.0,384.0,0.0078125,2
4,尼多力诺,33,0.04303745,91.4286,274.2857,0.0109375,2
5,尼多力诺,33,0.04907029,80.0,240.0,0.0125,2
6,尼多力诺,33,0.05507456,71.1111,213.3333,0.0140625,2
7,尼多力诺,33,0.05507456,71.1111,213.3333,0.0140625,2
1,尼多王,34,0.0,,,0.0,2
2,尼多王,34,0.0,,,0.0,2
3,尼多王,34,0.03088569,128.0,384.0,0.0078125,2
4,尼多王,34,0.04303745,91.4286,274.2857,0.0109375,2
5,尼多王,34,0.04907029,80.0,240.0,0.0125,2
6,尼多王,34,0.05507456,71.1111,213.3333,0.0140625,2
7,尼多王,34,0.05507456,71.1111,213.3333,0.0140625,2
1,六尾,37,0.11255777,34.0,102.0,0.02941176,1
2,六尾,37,0.11255777,34.0,102.0,0.02941176,1
3,六尾,37,0.08535844,45.3333,136.0,0.02205882,1
4,六尾,37,0.06874161,56.6667,170.0,0.01764706,1
5,六尾,37,0.05753863,68.0,204.0,0.01470588,1
6,六尾,37,0.04623487,85.0,255.0,0.01176471,1
7,六尾,37,0.03482973,113.3333,340.0,0.00882353,1
1,九尾,38,0.0,,,0.0,3
2,九尾,38,0.0,,,0.0,3
3,九尾,38,0.0,,,0.0,3
4,九尾,38,0.0110649,360.0,1080.0,0.00277778,3
5,九尾,38,0.02203772,180.0,540.0,0.00555556,3
6,九尾,38,0.03291898,120.0,360.0,0.00833333,3
7,九尾,38,0.05440883,72.0,216.0,0.01388889,3
1,超音蝠,41,0.11255777,34.0,102.0,0.02941176,1
2,超音蝠,41,0.11255777,34.0,102.0,0.02941176,1
3,超音蝠,41,0.08535844,45.3333,136.0,0.02205882,1
4,超音蝠,41,0.06874161,56.6667,170.0,0.01764706,1
5,超音蝠,41,0.05753863,68.0,204.0,0.01470588,1
6,超音蝠,41,0.04623487,85.0,255.0,0.01176471,1
7,超音蝠,41,0.03482973,113.3333,340.0,0.00882353,1
1,大嘴蝠,42,0.0,,,0.0,2
2,大嘴蝠,42,0.0,,,0.0,2
3,大嘴蝠,42,0.03088569,128.0,384.0,0.0078125,2
4,大嘴蝠,42,0.04303745,91.4286,274.2857,0.0109375,2
5,大嘴蝠,42,0.04907029,80.0,240.0,0.0125,2
6,大嘴蝠,42,0.05507456,71.1111,213.3333,0.0140625,2
7,大嘴蝠,42,0.05507456,71.1111,213.3333,0.0140625,2
1,走路草,43,0.11255777,34.0,102.0,0.02941176,1
2,走路草,43,0.11255777,34.0,102.0,0.02941176,1
3,走路草,43,0.08535844,45.3333,136.0,0.02205882,1
4,走路草,43,0.06874161,56.6667,170.0,0.01764706,1
5,走路草,43,0.05753863,68.0,204.0,0.01470588,1
6,走路草,43,0.04623487,85.0,255.0,0.01176471,1
7,走路草,43,0.03482973,113.3333,340.0,0.00882353,1
1,臭臭花,44,0.0,,,0.0,2
2,臭臭花,44,0.0,,,0.0,2
3,臭臭花,44,0.03088569,128.0,384.0,0.0078125,2
4,臭臭花,44,0.04303745,91.4286,274.2857,0.0109375,2
5,臭臭花,44,0.04907029,80.0,240.0,0.0125,2
6,臭臭花,44,0.05507456,71.1111,213.3333,0.0140625,2
7,臭臭花,44,0.05507456,71.1111,213.3333,0.0140625,2
1,霸王花,45,0.0,,,0.0,2
2,霸王花,45,0.0,,,0.0,2
3,霸王花,45,0.03088569,128.0,384.0,0.0078125,2
4,霸王花,45,0.04303745,91.4286,274.2857,0.0109375,2
5,霸王花,45,0.04907029,80.0,240.0,0.0125,2
6,霸王花,45,0.05507456,71.1111,213.3333,0.0140625,2
7,霸王花,45,0.05507456,71.1111,213.3333,0.0140625,2
1,可达鸭,54,0.11255777,34.0,102.0,0.02941176,1
2,可达鸭,54,0.11255777,34.0,102.0,0.02941176,1
3,可达鸭,54,0.08535844,45.3333,136.0,0.02205882,1
4,可达鸭,54,0.06874161,56.6667,170.0,0.01764706,1
5,可达鸭,54,0.05753863,68.0,204.0,0.01470588,1
6,可达鸭,54,0.04623487,85.0,255.0,0.01176471,1
7,可达鸭,54,0.03482973,113.3333,340.0,0.00882353,1
1,哥达鸭,55,0.0,,,0.0,3
2,哥达鸭,55,0.0,,,0.0,3
3,哥达鸭,55,0.0,,,0.0,3
4,哥达鸭,55,0.0110649,360.0,1080.0,0.00277778,3
5,哥达鸭,55,0.02203772,180.0,540.0,0.00555556,3
6,哥达鸭,55,0.03291898,120.0,360.0,0.00833333,3
7,哥达鸭,55,0.05440883,72.0,216.0,0.01388889,3
1,猴怪,56,0.11255777,34.0,102.0,0.02941176,1
2,猴怪,56,0.11255777,34.0,102.0,0.02941176,1
3,猴怪,56,0.08535844,45.3333,136.0,0.02205882,1
4,猴怪,56,0.06874161,56.6667,170.0,0.01764706,1
5,猴怪,56,0.05753863,68.0,204.0,0.01470588,1
6,猴怪,56,0.04623487,85.0,255.0,0.01176471,1
7,猴怪,56,0.03482973,113.3333,340.0,0.00882353,1
1,火暴猴,57,0.0,,,0.0,2
2,火暴猴,57,0.0,,,0.0,2
3,火暴猴,57,0.03088569,128.0,384.0,0.0078125,2
4,火暴猴,57,0.04303745,91.4286,274.2857,0.0109375,2
5,火暴猴,57,0.04907029,80.0,240.0,0.0125,2
6,火暴猴,57,0.05507456,71.1111,213.3333,0.0140625,2
7,火暴猴,57,0.05507456,71.1111,213.3333,0.0140625,2
1,卡蒂狗,58,0.11255777,34.0,102.0,0.02941176,1
2,卡蒂狗,58,0.11255777,34.0,102.0,0.02941176,1
3,卡蒂狗,58,0.08535844,45.3333,136.0,0.02205882,1
4,卡蒂狗,58,0.06874161,56.6667,170.0,0.01764706,1
5,卡蒂狗,58,0.05753863,68.0,204.0,0.01470588,1
6,卡蒂狗,58,0.04623487,85.0,255.0,0.01176471,1
7,卡蒂狗,58,0.03482973,113.3333,340.0,0.00882353,1
1,风速狗,59,0.0,,,0.0,3
2,风速狗,59,0.0,,,0.0,3
3,风速狗,59,0.0,,,0.0,3
4,风速狗,59,0.0110649,360.0,1080.0,0.00277778,3
5,风速狗,59,0.02203772,180.0,540.0,0.00555556,3
6,风速狗,59,0.03291898,120.0,360.0,0.00833333,3
7,风速狗,59,0.05440883,72.0,216.0,0.01388889,3
1,蚊香蝌蚪,60,0.11255777,34.0,102.0,0.02941176,1
2,蚊香蝌蚪,60,0.11255777,34.0,102.0,0.02941176,1
3,蚊香蝌蚪,60,0.08535844,45.3333,136.0,0.02205882,1
4,蚊香蝌蚪,60,0.06874161,56.6667,170.0,0.01764706,1
5,蚊香蝌蚪,60,0.05753863,68.0,204.0,0.01470588,1
6,蚊香蝌蚪,60,0.04623487,85.0,255.0,0.01176471,1
7,蚊香蝌蚪,60,0.03482973,113.3333,340.0,0.00882353,1
1,蚊香君,61,0.0,,,0.0,2
2,蚊香君,61,0.0,,,0.0,2
3,蚊香君,61,0.03088569,128.0,384.0,0.0078125,2
4,蚊香君,61,0.04303745,91.4286,274.2857,0.0109375,2
5,蚊香君,61,0.04907029,80.0,240.0,0.0125,2
6,蚊香君,61,0.05507456,71.1111,213.3333,0.0140625,2
7,蚊香君,61,0.05507456,71.1111,213.3333,0.0140625,2
1,蚊香泳士,62,0.0,,,0.0,3
2,蚊香泳士,62,0.0,,,0.0,3
3,蚊香泳士,62,0.0,,,0.0,3
4,蚊香泳士,62,0.0110649,360.0,1080.0,0.00277778,3
5,蚊香泳士,62,0.02203772,180.0,540.0,0.00555556,3
6,蚊香泳士,62,0.03291898,120.0,360.0,0.00833333,3
7,蚊香泳士,62,0.05440883,72.0,216.0,0.01388889,3
1,凯西,63,0.11255777,34.0,102.0,0.02941176,1
2,凯西,63,0.11255777,34.0,102.0,0.02941176,1
3,凯西,63,0.08535844,45.3333,136.0,0.02205882,1
4,凯西,63,0.06874161,56.6667,170.0,0.01764706,1
5,凯西,63,0.05753863,68.0,204.0,0.01470588,1
6,凯西,63,0.04623487,85.0,255.0,0.01176471,1
7,凯西,63,0.03482973,113.3333,340.0,0.00882353,1
1,勇基拉,64,0.0,,,0.0,2
2,勇基拉,64,0.0,,,0.0,2
3,勇基拉,64,0.03088569,128.0,384.0,0.0078125,2
4,勇基拉,64,0.04303745,91.4286,274.2857,0.0109375,2
5,勇基拉,64,0.04907029,80.0,240.0,0.0125,2
6,勇基拉,64,0.05507456,71.1111,213.3333,0.0140625,2
7,勇基拉,64,0.05507456,71.1111,213.3333,0.0140625,2
1,胡地,65,0.0,,,0.0,2
2,胡地,65,0.0,,,0.0,2
3,胡地,65,0.03088569,128.0,384.0,0.0078125,2
4,胡地,65,0.04303745,91.4286,274.2857,0.0109375,2
5,胡地,65,0.04907029,80.0,240.0,0.0125,2
6,胡地,65,0.05507456,71.1111,213.3333,0.0140625,2
7,胡地,65,0.05507456,71.1111,213.3333,0.0140625,2
1,腕力,66,0.11255777,34.0,102.0,0.02941176,1
2,腕力,66,0.11255777,34.0,102.0,0.02941176,1
3,腕力,66,0.08535844,45.3333,136.0,0.02205882,1
4,腕力,66,0.06874161,56.6667,170.0,0.01764706,1
5,腕力,66,0.05753863,68.0,204.0,0.01470588,1
6,腕力,66,0.04623487,85.0,255.0,0.01176471,1
7,腕力,66,0.03482973,113.3333,340.0,0.00882353,1
1,豪力,67,0.0,,,0.0,2
2,豪力,67,0.0,,,0.0,2
3,豪力,67,0.03088569,128.0,384.0,0.0078125,2
4,豪力,67,0.04303745,91.4286,274.2857,0.0109375,2
5,豪力,67,0.04907029,80.0,240.0,0.0125,2
6,豪力,67,0.05507456,71.1111,213.3333,0.0140625,2
7,豪力,67,0.05507456,71.1111,213.3333,0.0140625,2
1,怪力,68,0.0,,,0.0,3
2,怪力,68,0.0,,,0.0,3
3,怪力,68,0.0,,,0.0,3
4,怪力,68,0.0110649,360.0,1080.0,0.00277778,3
5,怪力,68,0.02203772,180.0,540.0,0.00555556,3
6,怪力,68,0.03291898,120.0,360.0,0.00833333,3
7,怪力,68,0.05440883,72.0,216.0,0.01388889,3
1,喇叭芽,69,0.11255777,34.0,102.0,0.02941176,1
2,喇叭芽,69,0.11255777,34.0,102.0,0.02941176,1
3,喇叭芽,69,0.08535844,45.3333,136.0,0.02205882,1
4,喇叭芽,69,0.06874161,56.6667,170.0,0.01764706,1
5,喇叭芽,69,0.05753863,68.0,204.0,0.01470588,1
6,喇叭芽,69,0.04623487,85.0,255.0,0.01176471,1
7,喇叭芽,69,0.03482973,113.3333,340.0,0.00882353,1
1,口呆花,70,0.0,,,0.0,2
2,口呆花,70,0.0,,,0.0,2
3,口呆花,70,0.03088569,128.0,384.0,0.0078125,2
4,口呆花,70,0.04303745,91.4286,274.2857,0.0109375,2
5,口呆花,70,0.04907029,80.0,240.0,0.0125,2
6,口呆花,70,0.05507456,71.1111,213.3333,0.0140625,2
7,口呆花,70,0.05507456,71.1111,213.3333,0.0140625,2
1,大食花,71,0.0,,,0.0,2
2,大食花,71,0.0,,,0.0,2
3,大食花,71,0.03088569,128.0,384.0,0.0078125,2
4,大食花,71,0.04303745,91.4286,274.2857,0.0109375,2
5,大食花,71,0.04907029,80.0,240.0,0.0125,2
6,大食花,71,0.05507456,71.1111,213.3333,0.0140625,2
7,大食花,71,0.05507456,71.1111,213.3333,0.0140625,2
1,小拳石,74,0.11255777,34.0,102.0,0.02941176,1
2,小拳石,74,0.11255777,34.0,102.0,0.02941176,1
3,小拳石,74,0.08535844,45.3333,136.0,0.02205882,1
4,小拳石,74,0.06874161,56.6667,170.0,0.01764706,1
5,小拳石,74,0.05753863,68.0,204.0,0.01470588,1
6,小拳石,74,0.04623487,85.0,255.0,0.01176471,1
7,小拳石,74,0.03482973,113.3333,340.0,0.00882353,1
1,隆隆石,75,0.0,,,0.0,2
2,隆隆石,75,0.0,,,0.0,2
3,隆隆石,75,0.03088569,128.0,384.0,0.0078125,2
4,隆隆石,75,0.04303745,91.4286,274.2857,0.0109375,2
5,隆隆石,75,0.04907029,80.0,240.0,0.0125,2
6,隆隆石,75,0.05507456,71.1111,213.3333,0.0140625,2
7,隆隆石,75,0.05507456,71.1111,213.3333,0.0140625,2
1,隆隆岩,76,0.0,,,0.0,2
2,隆隆岩,76,0.0,,,0.0,2
3,隆隆岩,76,0.03088569,128.0,384.0,0.0078125,2
4,隆隆岩,76,0.04303745,91.4286,274.2857,0.0109375,2
5,隆隆岩,76,0.04907029,80.0,240.0,0.0125,2
6,隆隆岩,76,0.05507456,71.1111,213.3333,0.0140625,2
7,隆隆岩,76,0.05507456,71.1111,213.3333,0.0140625,2
1,呆呆兽,79,0.11255777,34.0,102.0,0.02941176,1
2,呆呆兽,79,0.11255777,34.0,102.0,0.02941176,1
3,呆呆兽,79,0.08535844,45.3333,136.0,0.02205882,1
4,呆呆兽,79,0.06874161,56.6667,170.0,0.01764706,1
5,呆呆兽,79,0.05753863,68.0,204.0,0.01470588,1
6,呆呆兽,79,0.04623487,85.0,255.0,0.01176471,1
7,呆呆兽,79,0.03482973,113.3333,340.0,0.00882353,1
1,呆壳兽,80,0.0,,,0.0,2
2,呆壳兽,80,0.0,,,0.0,2
3,呆壳兽,80,0.03088569,128.0,384.0,0.0078125,2
4,呆壳兽,80,0.04303745,91.4286,274.2857,0.0109375,2
5,呆壳兽,80,0.04907029,80.0,240.0,0.0125,2
6,呆壳兽,80,0.05507456,71.1111,213.3333,0.0140625,2
7,呆壳兽,80,0.05507456,71.1111,213.3333,0.0140625,2
1,小磁怪,81,0.11255777,34.0,102.0,0.02941176,1
2,小磁怪,81,0.11255777,34.0,102.0,0.02941176,1
3,小磁怪,81,0.08535844,45.3333,136.0,0.02205882,1
4,小磁怪,81,0.06874161,56.6667,170.0,0.01764706,1
5,小磁怪,81,0.05753863,68.0,204.0,0.01470588,1
6,小磁怪,81,0.04623487,85.0,255.0,0.01176471,1
7,小磁怪,81,0.03482973,113.3333,340.0,0.00882353,1
1,三合一磁怪,82,0.0,,,0.0,2
2,三合一磁怪,82,0.0,,,0.0,2
3,三合一磁怪,82,0.03088569,128.0,384.0,0.0078125,2
4,三合一磁怪,82,0.04303745,91.4286,274.2857,0.0109375,2
5,三合一磁怪,82,0.04907029,80.0,240.0,0.0125,2
6,三合一磁怪,82,0.05507456,71.1111,213.3333,0.0140625,2
7,三合一磁怪,82,0.05507456,71.1111,213.3333,0.0140625,2
1,鬼斯,92,0.11255777,34.0,102.0,0.02941176,1
2,鬼斯,92,0.11255777,34.0,102.0,0.02941176,1
3,鬼斯,92,0.08535844,45.3333,136.0,0.02205882,1
4,鬼斯,92,0.06874161,56.6667,170.0,0.01764706,1
5,鬼斯,92,0.05753863,68.0,204.0,0.01470588,1
6,鬼斯,92,0.04623487,85.0,255.0,0.01176471,1
7,鬼斯,92,0.03482973,113.3333,340.0,0.00882353,1
1,鬼斯通,93,0.0,,,0.0,2
2,鬼斯通,93,0.0,,,0.0,2
3,鬼斯通,93,0.03088569,128.0,384.0,0.0078125,2
4,鬼斯通,93,0.04303745,91.4286,274.2857,0.0109375,2
5,鬼斯通,93,0.04907029,80.0,240.0,0.0125,2
6,鬼斯通,93,0.05507456,71.1111,213.3333,0.0140625,2
7,鬼斯通,93,0.05507456,71.1111,213.3333,0.0140625,2
1,耿鬼,94,0.0,,,0.0,3
2,耿鬼,94,0.0,,,0.0,3
3,耿鬼,94,0.0,,,0.0,3
4,耿鬼,94,0.0110649,360.0,1080.0,0.00277778,3
5,耿鬼,94,0.02203772,180.0,540.0,0.00555556,3
6,耿鬼,94,0.03291898,120.0,360.0,0.00833333,3
7,耿鬼,94,0.05440883,72.0,216.0,0.01388889,3
1,大岩蛇,95,0.0,,,0.0,2
2,大岩蛇,95,0.0,,,0.0,2
3,大岩蛇,95,0.03088569,128.0,384.0,0.0078125,2
4,大岩蛇,95,0.04303745,91.4286,274.2857,0.0109375,2
5,大岩蛇,95,0.04907029,80.0,240.0,0.0125,2
6,大岩蛇,95,0.05507456,71.1111,213.3333,0.0140625,2
7,大岩蛇,95,0.05507456,71.1111,213.3333,0.0140625,2
1,独角犀牛,111,0.11255777,34.0,102.0,0.02941176,1
2,独角犀牛,111,0.11255777,34.0,102.0,0.02941176,1
3,独角犀牛,111,0.08535844,45.3333,136.0,0.02205882,1
4,独角犀牛,111,0.06874161,56.6667,170.0,0.01764706,1
5,独角犀牛,111,0.05753863,68.0,204.0,0.01470588,1
6,独角犀牛,111,0.04623487,85.0,255.0,0.01176471,1
7,独角犀牛,111,0.03482973,113.3333,340.0,0.00882353,1
1,钻角犀兽,112,0.0,,,0.0,2
2,钻角犀兽,112,0.0,,,0.0,2
3,钻角犀兽,112,0.03088569,128.0,384.0,0.0078125,2
4,钻角犀兽,112,0.04303745,91.4286,274.2857,0.0109375,2
5,钻角犀兽,112,0.04907029,80.0,240.0,0.0125,2
6,钻角犀兽,112,0.05507456,71.1111,213.3333,0.0140625,2
7,钻角犀兽,112,0.05507456,71.1111,213.3333,0.0140625,2
1,墨海马,116,0.11255777,34.0,102.0,0.02941176,1
2,墨海马,116,0.11255777,34.0,102.0,0.02941176,1
3,墨海马,116,0.08535844,45.3333,136.0,0.02205882,1
4,墨海马,116,0.06874161,56.6667,170.0,0.01764706,1
5,墨海马,116,0.05753863,68.0,204.0,0.01470588,1
6,墨海马,116,0.04623487,85.0,255.0,0.01176471,1
7,墨海马,116,0.03482973,113.3333,340.0,0.00882353,1
1,海刺龙,117,0.0,,,0.0,2
2,海刺龙,117,0.0,,,0.0,2
3,海刺龙,117,0.03088569,128.0,384.0,0.0078125,2
4,海刺龙,117,0.04303745,91.4286,274.2857,0.0109375,2
5,海刺龙,117,0.04907029,80.0,240.0,0.0125,2
6,海刺龙,117,0.05507456,71.1111,213.3333,0.0140625,2
7,海刺龙,117,0.05507456,71.1111,213.3333,0.0140625,2
1,海星星,120,0.11255777,34.0,102.0,0.02941176,1
2,海星星,120,0.11255777,34.0,102.0,0.02941176,1
3,海星星,120,0.08535844,45.3333,136.0,0.02205882,1
4,海星星,120,0.06874161,56.6667,170.0,0.01764706,1
5,海星星,120,0.05753863,68.0,204.0,0.01470588,1
6,海星星,120,0.04623487,85.0,255.0,0.01176471,1
7,海星星,120,0.03482973,113.3333,340.0,0.00882353,1
1,宝石海星,121,0.0,,,0.0,3
2,宝石海星,121,0.0,,,0.0,3
3,宝石海星,121,0.0,,,0.0,3
4,宝石海星,121,0.0110649,360.0,1080.0,0.00277778,3
5,宝石海星,121,0.02203772,180.0,540.0,0.00555556,3
6,宝石海星,121,0.03291898,120.0,360.0,0.00833333,3
7,宝石海星,121,0.05440883,72.0,216.0,0.01388889,3
1,飞天螳螂,123,0.0,,,0.0,3
2,飞天螳螂,123,0.0,,,0.0,3
3,飞天螳螂,123,0.0,,,0.0,3
4,飞天螳螂,123,0.0110649,360.0,1080.0,0.00277778,3
5,飞天螳螂,123,0.02203772,180.0,540.0,0.00555556,3
6,飞天螳螂,123,0.03291898,120.0,360.0,0.00833333,3
7,飞天螳螂,123,0.05440883,72.0,216.0,0.01388889,3
1,鲤鱼王,129,0.11255777,34.0,102.0,0.02941176,1
2,鲤鱼王,129,0.11255777,34.0,102.0,0.02941176,1
3,鲤鱼王,129,0.08535844,45.3333,136.0,0.02205882,1
4,鲤鱼王,129,0.06874161,56.6667,170.0,0.01764706,1
5,鲤鱼王,129,0.05753863,68.0,204.0,0.01470588,1
6,鲤鱼王,129,0.04623487,85.0,255.0,0.01176471,1
7,鲤鱼王,129,0.03482973,113.3333,340.0,0.00882353,1
1,暴鲤龙,130,0.0,,,0.0,3
2,暴鲤龙,130,0.0,,,0.0,3
3,暴鲤龙,130,0.0,,,0.0,3
4,暴鲤龙,130,0.0110649,360.0,1080.0,0.00277778,3
5,暴鲤龙,130,0.02203772,180.0,540.0,0.00555556,3
6,暴鲤龙,130,0.03291898,120.0,360.0,0.00833333,3
7,暴鲤龙,130,0.05440883,72.0,216.0,0.01388889,3
1,拉普拉斯,131,0.0,,,0.0,3
2,拉普拉斯,131,0.0,,,0.0,3
3,拉普拉斯,131,0.0,,,0.0,3
4,拉普拉斯,131,0.0110649,360.0,1080.0,0.00277778,3
5,拉普拉斯,131,0.02203772,180.0,540.0,0.00555556,3
6,拉普拉斯,131,0.03291898,120.0,360.0,0.00833333,3
7,拉普拉斯,131,0.05440883,72.0,216.0,0.01388889,3
1,伊布,133,0.11255777,34.0,102.0,0.02941176,1
2,伊布,133,0.11255777,34.0,102.0,0.02941176,1
3,伊布,133,0.08535844,45.3333,136.0,0.02205882,1
4,伊布,133,0.06874161,56.6667,170.0,0.01764706,1
5,伊布,133,0.05753863,68.0,204.0,0.01470588,1
6,伊布,133,0.04623487,85.0,255.0,0.01176471,1
7,伊布,133,0.03482973,113.3333,340.0,0.00882353,1
1,水伊布,134,0.0,,,0.0,3
2,水伊布,134,0.0,,,0.0,3
3,水伊布,134,0.0,,,0.0,3
4,水伊布,134,0.0110649,360.0,1080.0,0.00277778,3
5,水伊布,134,0.02203772,180.0,540.0,0.00555556,3
6,水伊布,134,0.03291898,120.0,360.0,0.00833333,3
7,水伊布,134,0.05440883,72.0,216.0,0.01388889,3
1,雷伊布,135,0.0,,,0.0,3
2,雷伊布,135,0.0,,,0.0,3
3,雷伊布,135,0.0,,,0.0,3
4,雷伊布,135,0.0110649,360.0,1080.0,0.00277778,3
5,雷伊布,135,0.02203772,180.0,540.0,0.00555556,3
6,雷伊布,135,0.03291898,120.0,360.0,0.00833333,3
7,雷伊布,135,0.05440883,72.0,216.0,0.01388889,3
1,火伊布,136,0.0,,,0.0,3
2,火伊布,136,0.0,,,0.0,3
3,火伊布,136,0.0,,,0.0,3
4,火伊布,136,0.0110649,360.0,1080.0,0.00277778,3
5,火伊布,136,0.02203772,180.0,540.0,0.00555556,3
6,火伊布,136,0.03291898,120.0,360.0,0.00833333,3
7,火伊布,136,0.05440883,72.0,216.0,0.01388889,3
1,卡比兽,143,0.0,,,0.0,3
2,卡比兽,143,0.0,,,0.0,3
3,卡比兽,143,0.0,,,0.0,3
4,卡比兽,143,0.0110649,360.0,1080.0,0.00277778,3
5,卡比兽,143,0.02203772,180.0,540.0,0.00555556,3
6,卡比兽,143,0.03291898,120.0,360.0,0.00833333,3
7,卡比兽,143,0.05440883,72.0,216.0,0.01388889,3
1,迷你龙,147,0.11255777,34.0,102.0,0.02941176,1
2,迷你龙,147,0.11255777,34.0,102.0,0.02941176,1
3,迷你龙,147,0.08535844,45.3333,136.0,0.02205882,1
4,迷你龙,147,0.06874161,56.6667,170.0,0.01764706,1
5,迷你龙,147,0.05753863,68.0,204.0,0.01470588,1
6,迷你龙,147,0.04623487,85.0,255.0,0.01176471,1
7,迷你龙,147,0.03482973,113.3333,340.0,0.00882353,1
1,哈克龙,148,0.0,,,0.0,2
2,哈克龙,148,0.0,,,0.0,2
3,哈克龙,148,0.03088569,128.0,384.0,0.0078125,2
4,哈克龙,148,0.04303745,91.4286,274.2857,0.0109375,2
5,哈克龙,148,0.04907029,80.0,240.0,0.0125,2
6,哈克龙,148,0.05507456,71.1111,213.3333,0.0140625,2
7,哈克龙,148,0.05507456,71.1111,213.3333,0.0140625,2
1,快龙,149,0.0,,,0.0,3
2,快龙,149,0.0,,,0.0,3
3,快龙,149,0.0,,,0.0,3
4,快龙,149,0.0110649,360.0,1080.0,0.00277778,3
5,快龙,149,0.02203772,180.0,540.0,0.00555556,3
6,快龙,149,0.03291898,120.0,360.0,0.00833333,3
7,快龙,149,0.05440883,72.0,216.0,0.01388889,3
