name,sid,bst,direct_first_shop_level,direct_invested,direct_pool_copies,direct_sale_value,endpoint_class,route_chain,route_extra_gold_vs_direct,route_extra_pool_copies_vs_direct,route_final_material_units,route_invested,route_peak_owned_units,route_pool_copy_total,route_root_first_shop_level,route_root_sid,route_sale_value,tier
妙蛙花,3,525,4,3,1,2,evolved_reachable,"1,2,3",6,12,3,9,5,13,1,1,8,3
喷火龙,6,534,4,3,1,2,evolved_reachable,"4,5,6",6,12,3,9,5,13,1,4,8,3
水箭龟,9,530,4,3,1,2,evolved_reachable,"7,8,9",6,12,3,9,5,13,1,7,8,3
巴大蝶,12,385,3,2,1,1,evolved_reachable,"10,11,12",7,12,3,9,5,13,1,10,8,2
大针蜂,15,385,3,2,1,1,evolved_reachable,"13,14,15",7,12,3,9,5,13,1,13,8,2
大比鸟,18,469,3,2,1,1,evolved_reachable,"16,17,18",7,12,3,9,5,13,1,16,8,2
拉达,20,413,3,2,1,1,evolved_reachable,"19,20",1,3,3,3,3,4,1,19,2,2
大嘴雀,22,442,3,2,1,1,evolved_reachable,"21,22",1,3,3,3,3,4,1,21,2,2
雷丘,26,475,3,2,1,1,evolved_reachable,"25,26",1,3,3,3,3,4,1,25,2,2
尼多后,31,495,3,2,1,1,evolved_reachable,"29,30,31",7,12,3,9,5,13,1,29,8,2
尼多王,34,495,3,2,1,1,evolved_reachable,"32,33,34",7,12,3,9,5,13,1,32,8,2
九尾,38,505,4,3,1,2,evolved_reachable,"37,38",0,3,3,3,3,4,1,37,2,3
大嘴蝠,42,455,3,2,1,1,evolved_reachable,"41,42",1,3,3,3,3,4,1,41,2,2
霸王花,45,480,3,2,1,1,evolved_reachable,"43,44,45",7,12,3,9,5,13,1,43,8,2
哥达鸭,55,500,4,3,1,2,evolved_reachable,"54,55",0,3,3,3,3,4,1,54,2,3
火暴猴,57,455,3,2,1,1,evolved_reachable,"56,57",1,3,3,3,3,4,1,56,2,2
风速狗,59,555,4,3,1,2,evolved_reachable,"58,59",0,3,3,3,3,4,1,58,2,3
蚊香泳士,62,500,4,3,1,2,evolved_reachable,"60,61,62",6,12,3,9,5,13,1,60,8,3
胡地,65,490,3,2,1,1,evolved_reachable,"63,64,65",1,4,1,3,3,5,1,63,2,2
怪力,68,505,4,3,1,2,evolved_reachable,"66,67,68",0,4,1,3,3,5,1,66,2,3
大食花,71,480,3,2,1,1,evolved_reachable,"69,70,71",7,12,3,9,5,13,1,69,8,2
隆隆岩,76,485,3,2,1,1,evolved_reachable,"74,75,76",7,12,3,9,5,13,1,74,8,2
呆壳兽,80,490,3,2,1,1,evolved_reachable,"79,80",1,3,3,3,3,4,1,79,2,2
三合一磁怪,82,465,3,2,1,1,evolved_reachable,"81,82",1,3,3,3,3,4,1,81,2,2
耿鬼,94,500,4,3,1,2,evolved_reachable,"92,93,94",0,4,1,3,3,5,1,92,2,3
大岩蛇,95,385,3,2,1,1,natural_no_evolution,,,,,,,,,,,2
钻角犀兽,112,485,3,2,1,1,evolved_reachable,"111,112",1,3,3,3,3,4,1,111,2,2
海刺龙,117,440,3,2,1,1,evolved_reachable,"116,117",1,3,3,3,3,4,1,116,2,2
宝石海星,121,520,4,3,1,2,evolved_reachable,"120,121",0,3,3,3,3,4,1,120,2,3
飞天螳螂,123,500,4,3,1,2,natural_no_evolution,,,,,,,,,,,3
暴鲤龙,130,540,4,3,1,2,evolved_reachable,"129,130",0,3,3,3,3,4,1,129,2,3
拉普拉斯,131,535,4,3,1,2,natural_no_evolution,,,,,,,,,,,3
水伊布,134,525,4,3,1,2,evolved_reachable,"133,134",0,3,3,3,3,4,1,133,2,3
雷伊布,135,525,4,3,1,2,evolved_branch_unreachable,,,,,,,,,,,3
火伊布,136,525,4,3,1,2,evolved_branch_unreachable,,,,,,,,,,,3
卡比兽,143,540,4,3,1,2,natural_no_evolution,,,,,,,,,,,3
快龙,149,600,4,3,1,2,evolved_reachable,"147,148,149",6,12,3,9,5,13,1,147,8,3
