species,scene,state,before_seconds,after_seconds,before_frames,after_frames
6,dummy,idle,0.8,0.8,8,8
6,dummy,walk,0.4,0.6,4,12
6,dummy,windup,0.3,0.4,3,8
6,dummy,strike,0.5,0.65,5,13
6,dummy,hit,0.3,0.4,3,8
6,dummy,death,0.6,0.75,6,15
6,melee,idle,0.8,0.8,8,8
6,melee,walk,0.4,0.6,4,12
6,melee,windup,0.3,0.4,3,8
6,melee,strike,0.5,0.65,5,13
6,melee,hit,0.3,0.4,3,8
6,melee,death,0.6,0.75,6,15
6,ranged,idle,0.8,0.8,8,8
6,ranged,walk,0.4,0.6,4,12
6,ranged,windup,0.3,0.4,3,8
6,ranged,strike,0.5,0.65,5,13
6,ranged,hit,0.3,0.4,3,8
6,ranged,death,0.6,0.75,6,15
65,dummy,idle,0.8,0.8,8,8
65,dummy,walk,0.4,0.6,4,12
65,dummy,windup,0.4,0.5,4,10
65,dummy,strike,0.5,0.65,5,13
65,dummy,hit,0.3,0.4,3,8
65,dummy,death,0.6,0.75,6,15
65,melee,idle,0.8,0.8,8,8
65,melee,walk,0.4,0.6,4,12
65,melee,windup,0.4,0.5,4,10
65,melee,strike,0.5,0.65,5,13
65,melee,hit,0.3,0.4,3,8
65,melee,death,0.6,0.75,6,15
65,ranged,idle,0.8,0.8,8,8
65,ranged,walk,0.4,0.6,4,12
65,ranged,windup,0.4,0.5,4,10
65,ranged,strike,0.5,0.65,5,13
65,ranged,hit,0.3,0.4,3,8
65,ranged,death,0.6,0.75,6,15
143,dummy,idle,1.6,1.6,16,16
143,dummy,walk,0.5,0.75,5,15
143,dummy,windup,0.4,0.5,4,10
143,dummy,strike,0.6,0.75,6,15
143,dummy,hit,0.3,0.4,3,8
143,dummy,death,0.6,0.75,6,15
143,melee,idle,1.6,1.6,16,16
143,melee,walk,0.5,0.75,5,15
143,melee,windup,0.4,0.5,4,10
143,melee,strike,0.6,0.75,6,15
143,melee,hit,0.3,0.4,3,8
143,melee,death,0.6,0.75,6,15
143,ranged,idle,1.6,1.6,16,16
143,ranged,walk,0.5,0.75,5,15
143,ranged,windup,0.4,0.5,4,10
143,ranged,strike,0.6,0.75,6,15
143,ranged,hit,0.3,0.4,3,8
143,ranged,death,0.6,0.75,6,15
149,dummy,idle,0.8,0.8,8,8
149,dummy,walk,0.5,0.75,5,15
149,dummy,windup,0.3,0.4,3,8
149,dummy,strike,0.5,0.65,5,13
149,dummy,hit,0.3,0.4,3,8
149,dummy,death,0.6,0.75,6,15
149,melee,idle,0.8,0.8,8,8
149,melee,walk,0.5,0.75,5,15
149,melee,windup,0.3,0.4,3,8
149,melee,strike,0.5,0.65,5,13
149,melee,hit,0.3,0.4,3,8
149,melee,death,0.6,0.75,6,15
149,ranged,idle,0.8,0.8,8,8
149,ranged,walk,0.5,0.75,5,15
149,ranged,windup,0.3,0.4,3,8
149,ranged,strike,0.5,0.65,5,13
149,ranged,hit,0.3,0.4,3,8
149,ranged,death,0.6,0.75,6,15
9,dummy,idle,0.8,0.8,8,8
9,dummy,walk,0.4,0.6,4,12
9,dummy,windup,0.3,0.4,3,8
9,dummy,strike,0.5,0.65,5,13
9,dummy,hit,0.3,0.4,3,8
9,dummy,death,0.6,0.75,6,15
9,melee,idle,0.8,0.8,8,8
9,melee,walk,0.4,0.6,4,12
9,melee,windup,0.3,0.4,3,8
9,melee,strike,0.5,0.65,5,13
9,melee,hit,0.3,0.4,3,8
9,melee,death,0.6,0.75,6,15
9,ranged,idle,0.8,0.8,8,8
9,ranged,walk,0.4,0.6,4,12
9,ranged,windup,0.3,0.4,3,8
9,ranged,strike,0.5,0.65,5,13
9,ranged,hit,0.3,0.4,3,8
9,ranged,death,0.6,0.75,6,15
3,dummy,idle,0.8,0.8,8,8
3,dummy,walk,0.4,0.6,4,12
3,dummy,windup,0.4,0.5,4,10
3,dummy,strike,0.5,0.65,5,13
3,dummy,hit,0.3,0.4,3,8
3,dummy,death,0.6,0.75,6,15
3,melee,idle,0.8,0.8,8,8
3,melee,walk,0.4,0.6,4,12
3,melee,windup,0.4,0.5,4,10
3,melee,strike,0.5,0.65,5,13
3,melee,hit,0.3,0.4,3,8
3,melee,death,0.6,0.75,6,15
3,ranged,idle,0.8,0.8,8,8
3,ranged,walk,0.4,0.6,4,12
3,ranged,windup,0.4,0.5,4,10
3,ranged,strike,0.5,0.65,5,13
3,ranged,hit,0.3,0.4,3,8
3,ranged,death,0.6,0.75,6,15
94,dummy,idle,0.8,0.8,8,8
94,dummy,walk,0.4,0.6,4,12
94,dummy,windup,0.3,0.4,3,8
94,dummy,strike,0.5,0.65,5,13
94,dummy,hit,0.3,0.4,3,8
94,dummy,death,0.6,0.75,6,15
94,melee,idle,0.8,0.8,8,8
94,melee,walk,0.4,0.6,4,12
94,melee,windup,0.3,0.4,3,8
94,melee,strike,0.5,0.65,5,13
94,melee,hit,0.3,0.4,3,8
94,melee,death,0.6,0.75,6,15
94,ranged,idle,0.8,0.8,8,8
94,ranged,walk,0.4,0.6,4,12
94,ranged,windup,0.3,0.4,3,8
94,ranged,strike,0.5,0.65,5,13
94,ranged,hit,0.3,0.4,3,8
94,ranged,death,0.6,0.75,6,15
131,dummy,idle,0.8,0.8,8,8
131,dummy,walk,0.5,0.75,5,15
131,dummy,windup,0.3,0.4,3,8
131,dummy,strike,0.5,0.65,5,13
131,dummy,hit,0.3,0.4,3,8
131,dummy,death,0.6,0.75,6,15
131,melee,idle,0.8,0.8,8,8
131,melee,walk,0.5,0.75,5,15
131,melee,windup,0.3,0.4,3,8
131,melee,strike,0.5,0.65,5,13
131,melee,hit,0.3,0.4,3,8
131,melee,death,0.6,0.75,6,15
131,ranged,idle,0.8,0.8,8,8
131,ranged,walk,0.5,0.75,5,15
131,ranged,windup,0.3,0.4,3,8
131,ranged,strike,0.5,0.65,5,13
131,ranged,hit,0.3,0.4,3,8
131,ranged,death,0.6,0.75,6,15
59,dummy,idle,0.8,0.8,8,8
59,dummy,walk,0.4,0.6,4,12
59,dummy,windup,0.2,0.25,2,5
59,dummy,strike,0.5,0.65,5,13
59,dummy,hit,0.3,0.4,3,8
59,dummy,death,0.6,0.75,6,15
59,melee,idle,0.8,0.8,8,8
59,melee,walk,0.4,0.6,4,12
59,melee,windup,0.2,0.25,2,5
59,melee,strike,0.5,0.65,5,13
59,melee,hit,0.3,0.4,3,8
59,melee,death,0.6,0.75,6,15
59,ranged,idle,0.8,0.8,8,8
59,ranged,walk,0.4,0.6,4,12
59,ranged,windup,0.2,0.25,2,5
59,ranged,strike,0.5,0.65,5,13
59,ranged,hit,0.3,0.4,3,8
59,ranged,death,0.6,0.75,6,15
130,dummy,idle,0.8,0.8,8,8
130,dummy,walk,0.5,0.75,5,15
130,dummy,windup,0.4,0.5,4,10
130,dummy,strike,0.5,0.65,5,13
130,dummy,hit,0.3,0.4,3,8
130,dummy,death,0.6,0.75,6,15
130,melee,idle,0.8,0.8,8,8
130,melee,walk,0.5,0.75,5,15
130,melee,windup,0.4,0.5,4,10
130,melee,strike,0.5,0.65,5,13
130,melee,hit,0.3,0.4,3,8
130,melee,death,0.6,0.75,6,15
130,ranged,idle,0.8,0.8,8,8
130,ranged,walk,0.5,0.75,5,15
130,ranged,windup,0.4,0.5,4,10
130,ranged,strike,0.5,0.65,5,13
130,ranged,hit,0.3,0.4,3,8
130,ranged,death,0.6,0.75,6,15
31,dummy,idle,0.8,0.8,8,8
31,dummy,walk,0.4,0.6,4,12
31,dummy,windup,0.3,0.4,3,8
31,dummy,strike,0.5,0.65,5,13
31,dummy,hit,0.3,0.4,3,8
31,dummy,death,0.6,0.75,6,15
31,melee,idle,0.8,0.8,8,8
31,melee,walk,0.4,0.6,4,12
31,melee,windup,0.3,0.4,3,8
31,melee,strike,0.5,0.65,5,13
31,melee,hit,0.3,0.4,3,8
31,melee,death,0.6,0.75,6,15
31,ranged,idle,0.8,0.8,8,8
31,ranged,walk,0.4,0.6,4,12
31,ranged,windup,0.3,0.4,3,8
31,ranged,strike,0.5,0.65,5,13
31,ranged,hit,0.3,0.4,3,8
31,ranged,death,0.6,0.75,6,15
34,dummy,idle,0.8,0.8,8,8
34,dummy,walk,0.4,0.6,4,12
34,dummy,windup,0.2,0.25,2,5
34,dummy,strike,0.5,0.65,5,13
34,dummy,hit,0.3,0.4,3,8
34,dummy,death,0.6,0.75,6,15
34,melee,idle,0.8,0.8,8,8
34,melee,walk,0.4,0.6,4,12
34,melee,windup,0.2,0.25,2,5
34,melee,strike,0.5,0.65,5,13
34,melee,hit,0.3,0.4,3,8
34,melee,death,0.6,0.75,6,15
34,ranged,idle,0.8,0.8,8,8
34,ranged,walk,0.4,0.6,4,12
34,ranged,windup,0.2,0.25,2,5
34,ranged,strike,0.5,0.65,5,13
34,ranged,hit,0.3,0.4,3,8
34,ranged,death,0.6,0.75,6,15
76,dummy,idle,0.8,0.8,8,8
76,dummy,walk,0.4,0.6,4,12
76,dummy,windup,0.4,0.5,4,10
76,dummy,strike,0.5,0.65,5,13
76,dummy,hit,0.3,0.4,3,8
76,dummy,death,0.6,0.75,6,15
76,melee,idle,0.8,0.8,8,8
76,melee,walk,0.4,0.6,4,12
76,melee,windup,0.4,0.5,4,10
76,melee,strike,0.5,0.65,5,13
76,melee,hit,0.3,0.4,3,8
76,melee,death,0.6,0.75,6,15
76,ranged,idle,0.8,0.8,8,8
76,ranged,walk,0.4,0.6,4,12
76,ranged,windup,0.4,0.5,4,10
76,ranged,strike,0.5,0.65,5,13
76,ranged,hit,0.3,0.4,3,8
76,ranged,death,0.6,0.75,6,15
95,dummy,idle,0.8,0.8,8,8
95,dummy,walk,0.4,0.6,4,12
95,dummy,windup,0.3,0.4,3,8
95,dummy,strike,0.5,0.65,5,13
95,dummy,hit,0.3,0.4,3,8
95,dummy,death,0.6,0.75,6,15
95,melee,idle,0.8,0.8,8,8
95,melee,walk,0.4,0.6,4,12
95,melee,windup,0.3,0.4,3,8
95,melee,strike,0.5,0.65,5,13
95,melee,hit,0.3,0.4,3,8
95,melee,death,0.6,0.75,6,15
95,ranged,idle,0.8,0.8,8,8
95,ranged,walk,0.4,0.6,4,12
95,ranged,windup,0.3,0.4,3,8
95,ranged,strike,0.5,0.65,5,13
95,ranged,hit,0.3,0.4,3,8
95,ranged,death,0.6,0.75,6,15
18,dummy,idle,0.8,0.8,8,8
18,dummy,walk,0.4,0.6,4,12
18,dummy,windup,0.2,0.25,2,5
18,dummy,strike,0.5,0.65,5,13
18,dummy,hit,0.3,0.4,3,8
18,dummy,death,0.6,0.75,6,15
18,melee,idle,0.8,0.8,8,8
18,melee,walk,0.4,0.6,4,12
18,melee,windup,0.2,0.25,2,5
18,melee,strike,0.5,0.65,5,13
18,melee,hit,0.3,0.4,3,8
18,melee,death,0.6,0.75,6,15
18,ranged,idle,0.8,0.8,8,8
18,ranged,walk,0.4,0.6,4,12
18,ranged,windup,0.2,0.25,2,5
18,ranged,strike,0.5,0.65,5,13
18,ranged,hit,0.3,0.4,3,8
18,ranged,death,0.6,0.75,6,15
26,dummy,idle,0.8,0.8,8,8
26,dummy,walk,0.4,0.6,4,12
26,dummy,windup,0.3,0.4,3,8
26,dummy,strike,0.5,0.65,5,13
26,dummy,hit,0.3,0.4,3,8
26,dummy,death,0.6,0.75,6,15
26,melee,idle,0.8,0.8,8,8
26,melee,walk,0.4,0.6,4,12
26,melee,windup,0.3,0.4,3,8
26,melee,strike,0.5,0.65,5,13
26,melee,hit,0.3,0.4,3,8
26,melee,death,0.6,0.75,6,15
26,ranged,idle,0.8,0.8,8,8
26,ranged,walk,0.4,0.6,4,12
26,ranged,windup,0.3,0.4,3,8
26,ranged,strike,0.5,0.65,5,13
26,ranged,hit,0.3,0.4,3,8
26,ranged,death,0.6,0.75,6,15
