from_species_id,from_name,to_species_id,to_name,machine,policy
2,妙蛙草,3,妙蛙花,rally_signal,preview_then_return_on_commit
4,小火龙,5,火恐龙,rally_signal,preview_then_return_on_commit
8,卡咪龟,9,水箭龟,rally_signal,preview_then_return_on_commit
8,卡咪龟,9,水箭龟,field_triage,preview_then_return_on_commit
10,绿毛虫,11,铁甲蛹,breach_lunge,preview_then_return_on_commit
11,铁甲蛹,12,巴大蝶,rally_signal,preview_then_return_on_commit
17,比比鸟,18,大比鸟,breach_lunge,preview_then_return_on_commit
25,皮卡丘,26,雷丘,breach_lunge,preview_then_return_on_commit
30,尼多娜,31,尼多后,breach_lunge,preview_then_return_on_commit
30,尼多娜,31,尼多后,field_triage,preview_then_return_on_commit
33,尼多力诺,34,尼多王,breach_lunge,preview_then_return_on_commit
37,六尾,38,九尾,rally_signal,preview_then_return_on_commit
54,可达鸭,55,哥达鸭,rally_signal,preview_then_return_on_commit
58,卡蒂狗,59,风速狗,breach_lunge,preview_then_return_on_commit
61,蚊香君,62,蚊香泳士,breach_lunge,preview_then_return_on_commit
66,腕力,67,豪力,breach_lunge,preview_then_return_on_commit
74,小拳石,75,隆隆石,field_triage,preview_then_return_on_commit
79,呆呆兽,80,呆壳兽,guardian_riposte,preview_then_return_on_commit
79,呆呆兽,80,呆壳兽,field_triage,preview_then_return_on_commit
81,小磁怪,82,三合一磁怪,rally_signal,preview_then_return_on_commit
116,墨海马,117,海刺龙,rally_signal,preview_then_return_on_commit
129,鲤鱼王,130,暴鲤龙,arc_lock,preview_then_return_on_commit
133,伊布,134,水伊布,breach_lunge,preview_then_return_on_commit
148,哈克龙,149,快龙,breach_lunge,preview_then_return_on_commit
