species_id,name,tier,range,bulk,max_offense,speed,primary,cut,reason_cut,surf,reason_surf,rest,reason_rest,guard,reason_guard,sunny_day,reason_sunny_day,rain_dance,reason_rain_dance,breach_lunge,reason_breach_lunge,arc_lock,reason_arc_lock,guardian_riposte,reason_guardian_riposte,rally_signal,reason_rally_signal,expose_weakness,reason_expose_weakness,standburst,reason_standburst,field_triage,reason_field_triage,tempo_break,reason_tempo_break
1,妙蛙种子,1,ranged,143,65,45,rally,yes,现行正式教学兼容规则：草、火、虫、一般、格斗或钢属性可学,no,现行正式教学兼容规则：水属性可学,yes,现行正式教学兼容规则：所有宝可梦可学,yes,现行正式教学兼容规则：所有宝可梦可学,yes,现行正式教学兼容规则：火或草属性可学,no,现行正式教学兼容规则：水或电属性可学,no,不具备：melee and bulk < 220（当前射程远程、体格143、最高双攻65、速度45）,no,不具备：ranged and speed >= 70（当前射程远程、体格143、最高双攻65、速度45）,no,不具备：melee and bulk >= 220（当前射程远程、体格143、最高双攻65、速度45）,yes,远程且速度45<70：慢速指挥职责,no,不具备：max attack/special attack >= 100（当前射程远程、体格143、最高双攻65、速度45）,no,不具备：bulk >= 260（当前射程远程、体格143、最高双攻65、速度45）,no,不具备：200 <= bulk < 260 and speed <= 70（当前射程远程、体格143、最高双攻65、速度45）,no,不具备：speed >= 100（当前射程远程、体格143、最高双攻65、速度45）
2,妙蛙草,2,ranged,186,80,60,rally,yes,现行正式教学兼容规则：草、火、虫、一般、格斗或钢属性可学,no,现行正式教学兼容规则：水属性可学,yes,现行正式教学兼容规则：所有宝可梦可学,yes,现行正式教学兼容规则：所有宝可梦可学,yes,现行正式教学兼容规则：火或草属性可学,no,现行正式教学兼容规则：水或电属性可学,no,不具备：melee and bulk < 220（当前射程远程、体格186、最高双攻80、速度60）,no,不具备：ranged and speed >= 70（当前射程远程、体格186、最高双攻80、速度60）,no,不具备：melee and bulk >= 220（当前射程远程、体格186、最高双攻80、速度60）,yes,远程且速度60<70：慢速指挥职责,no,不具备：max attack/special attack >= 100（当前射程远程、体格186、最高双攻80、速度60）,no,不具备：bulk >= 260（当前射程远程、体格186、最高双攻80、速度60）,no,不具备：200 <= bulk < 260 and speed <= 70（当前射程远程、体格186、最高双攻80、速度60）,no,不具备：speed >= 100（当前射程远程、体格186、最高双攻80、速度60）
3,妙蛙花,3,ranged,246,100,80,suppression,yes,现行正式教学兼容规则：草、火、虫、一般、格斗或钢属性可学,no,现行正式教学兼容规则：水属性可学,yes,现行正式教学兼容规则：所有宝可梦可学,yes,现行正式教学兼容规则：所有宝可梦可学,yes,现行正式教学兼容规则：火或草属性可学,no,现行正式教学兼容规则：水或电属性可学,no,不具备：melee and bulk < 220（当前射程远程、体格246、最高双攻100、速度80）,yes,远程且速度80≥70：远程压启动职责,no,不具备：melee and bulk >= 220（当前射程远程、体格246、最高双攻100、速度80）,no,不具备：ranged and speed < 70（当前射程远程、体格246、最高双攻100、速度80）,yes,最高双攻100≥100：稀有终结窗口,no,不具备：bulk >= 260（当前射程远程、体格246、最高双攻100、速度80）,no,不具备：200 <= bulk < 260 and speed <= 70（当前射程远程、体格246、最高双攻100、速度80）,no,不具备：speed >= 100（当前射程远程、体格246、最高双攻100、速度80）
4,小火龙,1,ranged,125,60,65,rally,yes,现行正式教学兼容规则：草、火、虫、一般、格斗或钢属性可学,no,现行正式教学兼容规则：水属性可学,yes,现行正式教学兼容规则：所有宝可梦可学,yes,现行正式教学兼容规则：所有宝可梦可学,yes,现行正式教学兼容规则：火或草属性可学,no,现行正式教学兼容规则：水或电属性可学,no,不具备：melee and bulk < 220（当前射程远程、体格125、最高双攻60、速度65）,no,不具备：ranged and speed >= 70（当前射程远程、体格125、最高双攻60、速度65）,no,不具备：melee and bulk >= 220（当前射程远程、体格125、最高双攻60、速度65）,yes,远程且速度65<70：慢速指挥职责,no,不具备：max attack/special attack >= 100（当前射程远程、体格125、最高双攻60、速度65）,no,不具备：bulk >= 260（当前射程远程、体格125、最高双攻60、速度65）,no,不具备：200 <= bulk < 260 and speed <= 70（当前射程远程、体格125、最高双攻60、速度65）,no,不具备：speed >= 100（当前射程远程、体格125、最高双攻60、速度65）
5,火恐龙,2,ranged,174,80,80,suppression,yes,现行正式教学兼容规则：草、火、虫、一般、格斗或钢属性可学,no,现行正式教学兼容规则：水属性可学,yes,现行正式教学兼容规则：所有宝可梦可学,yes,现行正式教学兼容规则：所有宝可梦可学,yes,现行正式教学兼容规则：火或草属性可学,no,现行正式教学兼容规则：水或电属性可学,no,不具备：melee and bulk < 220（当前射程远程、体格174、最高双攻80、速度80）,yes,远程且速度80≥70：远程压启动职责,no,不具备：melee and bulk >= 220（当前射程远程、体格174、最高双攻80、速度80）,no,不具备：ranged and speed < 70（当前射程远程、体格174、最高双攻80、速度80）,no,不具备：max attack/special attack >= 100（当前射程远程、体格174、最高双攻80、速度80）,no,不具备：bulk >= 260（当前射程远程、体格174、最高双攻80、速度80）,no,不具备：200 <= bulk < 260 and speed <= 70（当前射程远程、体格174、最高双攻80、速度80）,no,不具备：speed >= 100（当前射程远程、体格174、最高双攻80、速度80）
6,喷火龙,3,ranged,234,109,100,suppression,yes,现行正式教学兼容规则：草、火、虫、一般、格斗或钢属性可学,no,现行正式教学兼容规则：水属性可学,yes,现行正式教学兼容规则：所有宝可梦可学,yes,现行正式教学兼容规则：所有宝可梦可学,yes,现行正式教学兼容规则：火或草属性可学,no,现行正式教学兼容规则：水或电属性可学,no,不具备：melee and bulk < 220（当前射程远程、体格234、最高双攻109、速度100）,yes,远程且速度100≥70：远程压启动职责,no,不具备：melee and bulk >= 220（当前射程远程、体格234、最高双攻109、速度100）,no,不具备：ranged and speed < 70（当前射程远程、体格234、最高双攻109、速度100）,yes,最高双攻109≥100：稀有终结窗口,no,不具备：bulk >= 260（当前射程远程、体格234、最高双攻109、速度100）,no,不具备：200 <= bulk < 260 and speed <= 70（当前射程远程、体格234、最高双攻109、速度100）,yes,速度100≥100：稀有心律截断
7,杰尼龟,1,ranged,174,50,43,rally,no,现行正式教学兼容规则：草、火、虫、一般、格斗或钢属性可学,yes,现行正式教学兼容规则：水属性可学,yes,现行正式教学兼容规则：所有宝可梦可学,yes,现行正式教学兼容规则：所有宝可梦可学,no,现行正式教学兼容规则：火或草属性可学,yes,现行正式教学兼容规则：水或电属性可学,no,不具备：melee and bulk < 220（当前射程远程、体格174、最高双攻50、速度43）,no,不具备：ranged and speed >= 70（当前射程远程、体格174、最高双攻50、速度43）,no,不具备：melee and bulk >= 220（当前射程远程、体格174、最高双攻50、速度43）,yes,远程且速度43<70：慢速指挥职责,no,不具备：max attack/special attack >= 100（当前射程远程、体格174、最高双攻50、速度43）,no,不具备：bulk >= 260（当前射程远程、体格174、最高双攻50、速度43）,no,不具备：200 <= bulk < 260 and speed <= 70（当前射程远程、体格174、最高双攻50、速度43）,no,不具备：speed >= 100（当前射程远程、体格174、最高双攻50、速度43）
8,卡咪龟,2,ranged,219,65,58,rally,no,现行正式教学兼容规则：草、火、虫、一般、格斗或钢属性可学,yes,现行正式教学兼容规则：水属性可学,yes,现行正式教学兼容规则：所有宝可梦可学,yes,现行正式教学兼容规则：所有宝可梦可学,no,现行正式教学兼容规则：火或草属性可学,yes,现行正式教学兼容规则：水或电属性可学,no,不具备：melee and bulk < 220（当前射程远程、体格219、最高双攻65、速度58）,no,不具备：ranged and speed >= 70（当前射程远程、体格219、最高双攻65、速度58）,no,不具备：melee and bulk >= 220（当前射程远程、体格219、最高双攻65、速度58）,yes,远程且速度58<70：慢速指挥职责,no,不具备：max attack/special attack >= 100（当前射程远程、体格219、最高双攻65、速度58）,no,不具备：bulk >= 260（当前射程远程、体格219、最高双攻65、速度58）,yes,体格219在200–259且速度58≤70：稳态救援,no,不具备：speed >= 100（当前射程远程、体格219、最高双攻65、速度58）
9,水箭龟,3,ranged,279,85,78,suppression,no,现行正式教学兼容规则：草、火、虫、一般、格斗或钢属性可学,yes,现行正式教学兼容规则：水属性可学,yes,现行正式教学兼容规则：所有宝可梦可学,yes,现行正式教学兼容规则：所有宝可梦可学,no,现行正式教学兼容规则：火或草属性可学,yes,现行正式教学兼容规则：水或电属性可学,no,不具备：melee and bulk < 220（当前射程远程、体格279、最高双攻85、速度78）,yes,远程且速度78≥70：远程压启动职责,no,不具备：melee and bulk >= 220（当前射程远程、体格279、最高双攻85、速度78）,no,不具备：ranged and speed < 70（当前射程远程、体格279、最高双攻85、速度78）,no,不具备：max attack/special attack >= 100（当前射程远程、体格279、最高双攻85、速度78）,yes,体格279≥260：重装阵型爆发,no,不具备：200 <= bulk < 260 and speed <= 70（当前射程远程、体格279、最高双攻85、速度78）,no,不具备：speed >= 100（当前射程远程、体格279、最高双攻85、速度78）
10,绿毛虫,1,melee,115,30,45,breakthrough,yes,现行正式教学兼容规则：草、火、虫、一般、格斗或钢属性可学,no,现行正式教学兼容规则：水属性可学,yes,现行正式教学兼容规则：所有宝可梦可学,yes,现行正式教学兼容规则：所有宝可梦可学,no,现行正式教学兼容规则：火或草属性可学,no,现行正式教学兼容规则：水或电属性可学,yes,近战且体格115<220：低体格贴身突破职责,no,不具备：ranged and speed >= 70（当前射程近战、体格115、最高双攻30、速度45）,no,不具备：melee and bulk >= 220（当前射程近战、体格115、最高双攻30、速度45）,no,不具备：ranged and speed < 70（当前射程近战、体格115、最高双攻30、速度45）,no,不具备：max attack/special attack >= 100（当前射程近战、体格115、最高双攻30、速度45）,no,不具备：bulk >= 260（当前射程近战、体格115、最高双攻30、速度45）,no,不具备：200 <= bulk < 260 and speed <= 70（当前射程近战、体格115、最高双攻30、速度45）,no,不具备：speed >= 100（当前射程近战、体格115、最高双攻30、速度45）
11,铁甲蛹,1,ranged,160,25,30,rally,yes,现行正式教学兼容规则：草、火、虫、一般、格斗或钢属性可学,no,现行正式教学兼容规则：水属性可学,yes,现行正式教学兼容规则：所有宝可梦可学,yes,现行正式教学兼容规则：所有宝可梦可学,no,现行正式教学兼容规则：火或草属性可学,no,现行正式教学兼容规则：水或电属性可学,no,不具备：melee and bulk < 220（当前射程远程、体格160、最高双攻25、速度30）,no,不具备：ranged and speed >= 70（当前射程远程、体格160、最高双攻25、速度30）,no,不具备：melee and bulk >= 220（当前射程远程、体格160、最高双攻25、速度30）,yes,远程且速度30<70：慢速指挥职责,no,不具备：max attack/special attack >= 100（当前射程远程、体格160、最高双攻25、速度30）,no,不具备：bulk >= 260（当前射程远程、体格160、最高双攻25、速度30）,no,不具备：200 <= bulk < 260 and speed <= 70（当前射程远程、体格160、最高双攻25、速度30）,no,不具备：speed >= 100（当前射程远程、体格160、最高双攻25、速度30）
12,巴大蝶,2,ranged,160,80,70,suppression,yes,现行正式教学兼容规则：草、火、虫、一般、格斗或钢属性可学,no,现行正式教学兼容规则：水属性可学,yes,现行正式教学兼容规则：所有宝可梦可学,yes,现行正式教学兼容规则：所有宝可梦可学,no,现行正式教学兼容规则：火或草属性可学,no,现行正式教学兼容规则：水或电属性可学,no,不具备：melee and bulk < 220（当前射程远程、体格160、最高双攻80、速度70）,yes,远程且速度70≥70：远程压启动职责,no,不具备：melee and bulk >= 220（当前射程远程、体格160、最高双攻80、速度70）,no,不具备：ranged and speed < 70（当前射程远程、体格160、最高双攻80、速度70）,no,不具备：max attack/special attack >= 100（当前射程远程、体格160、最高双攻80、速度70）,no,不具备：bulk >= 260（当前射程远程、体格160、最高双攻80、速度70）,no,不具备：200 <= bulk < 260 and speed <= 70（当前射程远程、体格160、最高双攻80、速度70）,no,不具备：speed >= 100（当前射程远程、体格160、最高双攻80、速度70）
13,独角虫,1,melee,100,35,50,breakthrough,yes,现行正式教学兼容规则：草、火、虫、一般、格斗或钢属性可学,no,现行正式教学兼容规则：水属性可学,yes,现行正式教学兼容规则：所有宝可梦可学,yes,现行正式教学兼容规则：所有宝可梦可学,no,现行正式教学兼容规则：火或草属性可学,no,现行正式教学兼容规则：水或电属性可学,yes,近战且体格100<220：低体格贴身突破职责,no,不具备：ranged and speed >= 70（当前射程近战、体格100、最高双攻35、速度50）,no,不具备：melee and bulk >= 220（当前射程近战、体格100、最高双攻35、速度50）,no,不具备：ranged and speed < 70（当前射程近战、体格100、最高双攻35、速度50）,no,不具备：max attack/special attack >= 100（当前射程近战、体格100、最高双攻35、速度50）,no,不具备：bulk >= 260（当前射程近战、体格100、最高双攻35、速度50）,no,不具备：200 <= bulk < 260 and speed <= 70（当前射程近战、体格100、最高双攻35、速度50）,no,不具备：speed >= 100（当前射程近战、体格100、最高双攻35、速度50）
14,铁壳蛹,1,melee,145,25,35,breakthrough,yes,现行正式教学兼容规则：草、火、虫、一般、格斗或钢属性可学,no,现行正式教学兼容规则：水属性可学,yes,现行正式教学兼容规则：所有宝可梦可学,yes,现行正式教学兼容规则：所有宝可梦可学,no,现行正式教学兼容规则：火或草属性可学,no,现行正式教学兼容规则：水或电属性可学,yes,近战且体格145<220：低体格贴身突破职责,no,不具备：ranged and speed >= 70（当前射程近战、体格145、最高双攻25、速度35）,no,不具备：melee and bulk >= 220（当前射程近战、体格145、最高双攻25、速度35）,no,不具备：ranged and speed < 70（当前射程近战、体格145、最高双攻25、速度35）,no,不具备：max attack/special attack >= 100（当前射程近战、体格145、最高双攻25、速度35）,no,不具备：bulk >= 260（当前射程近战、体格145、最高双攻25、速度35）,no,不具备：200 <= bulk < 260 and speed <= 70（当前射程近战、体格145、最高双攻25、速度35）,no,不具备：speed >= 100（当前射程近战、体格145、最高双攻25、速度35）
15,大针蜂,2,melee,145,80,75,breakthrough,yes,现行正式教学兼容规则：草、火、虫、一般、格斗或钢属性可学,no,现行正式教学兼容规则：水属性可学,yes,现行正式教学兼容规则：所有宝可梦可学,yes,现行正式教学兼容规则：所有宝可梦可学,no,现行正式教学兼容规则：火或草属性可学,no,现行正式教学兼容规则：水或电属性可学,yes,近战且体格145<220：低体格贴身突破职责,no,不具备：ranged and speed >= 70（当前射程近战、体格145、最高双攻80、速度75）,no,不具备：melee and bulk >= 220（当前射程近战、体格145、最高双攻80、速度75）,no,不具备：ranged and speed < 70（当前射程近战、体格145、最高双攻80、速度75）,no,不具备：max attack/special attack >= 100（当前射程近战、体格145、最高双攻80、速度75）,no,不具备：bulk >= 260（当前射程近战、体格145、最高双攻80、速度75）,no,不具备：200 <= bulk < 260 and speed <= 70（当前射程近战、体格145、最高双攻80、速度75）,no,不具备：speed >= 100（当前射程近战、体格145、最高双攻80、速度75）
16,波波,1,melee,120,45,56,breakthrough,yes,现行正式教学兼容规则：草、火、虫、一般、格斗或钢属性可学,no,现行正式教学兼容规则：水属性可学,yes,现行正式教学兼容规则：所有宝可梦可学,yes,现行正式教学兼容规则：所有宝可梦可学,no,现行正式教学兼容规则：火或草属性可学,no,现行正式教学兼容规则：水或电属性可学,yes,近战且体格120<220：低体格贴身突破职责,no,不具备：ranged and speed >= 70（当前射程近战、体格120、最高双攻45、速度56）,no,不具备：melee and bulk >= 220（当前射程近战、体格120、最高双攻45、速度56）,no,不具备：ranged and speed < 70（当前射程近战、体格120、最高双攻45、速度56）,no,不具备：max attack/special attack >= 100（当前射程近战、体格120、最高双攻45、速度56）,no,不具备：bulk >= 260（当前射程近战、体格120、最高双攻45、速度56）,no,不具备：200 <= bulk < 260 and speed <= 70（当前射程近战、体格120、最高双攻45、速度56）,no,不具备：speed >= 100（当前射程近战、体格120、最高双攻45、速度56）
17,比比鸟,1,melee,173,60,71,breakthrough,yes,现行正式教学兼容规则：草、火、虫、一般、格斗或钢属性可学,no,现行正式教学兼容规则：水属性可学,yes,现行正式教学兼容规则：所有宝可梦可学,yes,现行正式教学兼容规则：所有宝可梦可学,no,现行正式教学兼容规则：火或草属性可学,no,现行正式教学兼容规则：水或电属性可学,yes,近战且体格173<220：低体格贴身突破职责,no,不具备：ranged and speed >= 70（当前射程近战、体格173、最高双攻60、速度71）,no,不具备：melee and bulk >= 220（当前射程近战、体格173、最高双攻60、速度71）,no,不具备：ranged and speed < 70（当前射程近战、体格173、最高双攻60、速度71）,no,不具备：max attack/special attack >= 100（当前射程近战、体格173、最高双攻60、速度71）,no,不具备：bulk >= 260（当前射程近战、体格173、最高双攻60、速度71）,no,不具备：200 <= bulk < 260 and speed <= 70（当前射程近战、体格173、最高双攻60、速度71）,no,不具备：speed >= 100（当前射程近战、体格173、最高双攻60、速度71）
18,大比鸟,2,melee,233,80,91,counter,yes,现行正式教学兼容规则：草、火、虫、一般、格斗或钢属性可学,no,现行正式教学兼容规则：水属性可学,yes,现行正式教学兼容规则：所有宝可梦可学,yes,现行正式教学兼容规则：所有宝可梦可学,no,现行正式教学兼容规则：火或草属性可学,no,现行正式教学兼容规则：水或电属性可学,no,不具备：melee and bulk < 220（当前射程近战、体格233、最高双攻80、速度91）,no,不具备：ranged and speed >= 70（当前射程近战、体格233、最高双攻80、速度91）,yes,近战且体格233≥220：高质量受击反击职责,no,不具备：ranged and speed < 70（当前射程近战、体格233、最高双攻80、速度91）,no,不具备：max attack/special attack >= 100（当前射程近战、体格233、最高双攻80、速度91）,no,不具备：bulk >= 260（当前射程近战、体格233、最高双攻80、速度91）,no,不具备：200 <= bulk < 260 and speed <= 70（当前射程近战、体格233、最高双攻80、速度91）,no,不具备：speed >= 100（当前射程近战、体格233、最高双攻80、速度91）
19,小拉达,1,melee,100,56,72,breakthrough,yes,现行正式教学兼容规则：草、火、虫、一般、格斗或钢属性可学,no,现行正式教学兼容规则：水属性可学,yes,现行正式教学兼容规则：所有宝可梦可学,yes,现行正式教学兼容规则：所有宝可梦可学,no,现行正式教学兼容规则：火或草属性可学,no,现行正式教学兼容规则：水或电属性可学,yes,近战且体格100<220：低体格贴身突破职责,no,不具备：ranged and speed >= 70（当前射程近战、体格100、最高双攻56、速度72）,no,不具备：melee and bulk >= 220（当前射程近战、体格100、最高双攻56、速度72）,no,不具备：ranged and speed < 70（当前射程近战、体格100、最高双攻56、速度72）,no,不具备：max attack/special attack >= 100（当前射程近战、体格100、最高双攻56、速度72）,no,不具备：bulk >= 260（当前射程近战、体格100、最高双攻56、速度72）,no,不具备：200 <= bulk < 260 and speed <= 70（当前射程近战、体格100、最高双攻56、速度72）,no,不具备：speed >= 100（当前射程近战、体格100、最高双攻56、速度72）
20,拉达,2,melee,175,81,97,breakthrough,yes,现行正式教学兼容规则：草、火、虫、一般、格斗或钢属性可学,no,现行正式教学兼容规则：水属性可学,yes,现行正式教学兼容规则：所有宝可梦可学,yes,现行正式教学兼容规则：所有宝可梦可学,no,现行正式教学兼容规则：火或草属性可学,no,现行正式教学兼容规则：水或电属性可学,yes,近战且体格175<220：低体格贴身突破职责,no,不具备：ranged and speed >= 70（当前射程近战、体格175、最高双攻81、速度97）,no,不具备：melee and bulk >= 220（当前射程近战、体格175、最高双攻81、速度97）,no,不具备：ranged and speed < 70（当前射程近战、体格175、最高双攻81、速度97）,no,不具备：max attack/special attack >= 100（当前射程近战、体格175、最高双攻81、速度97）,no,不具备：bulk >= 260（当前射程近战、体格175、最高双攻81、速度97）,no,不具备：200 <= bulk < 260 and speed <= 70（当前射程近战、体格175、最高双攻81、速度97）,no,不具备：speed >= 100（当前射程近战、体格175、最高双攻81、速度97）
21,烈雀,1,melee,100,60,70,breakthrough,yes,现行正式教学兼容规则：草、火、虫、一般、格斗或钢属性可学,no,现行正式教学兼容规则：水属性可学,yes,现行正式教学兼容规则：所有宝可梦可学,yes,现行正式教学兼容规则：所有宝可梦可学,no,现行正式教学兼容规则：火或草属性可学,no,现行正式教学兼容规则：水或电属性可学,yes,近战且体格100<220：低体格贴身突破职责,no,不具备：ranged and speed >= 70（当前射程近战、体格100、最高双攻60、速度70）,no,不具备：melee and bulk >= 220（当前射程近战、体格100、最高双攻60、速度70）,no,不具备：ranged and speed < 70（当前射程近战、体格100、最高双攻60、速度70）,no,不具备：max attack/special attack >= 100（当前射程近战、体格100、最高双攻60、速度70）,no,不具备：bulk >= 260（当前射程近战、体格100、最高双攻60、速度70）,no,不具备：200 <= bulk < 260 and speed <= 70（当前射程近战、体格100、最高双攻60、速度70）,no,不具备：speed >= 100（当前射程近战、体格100、最高双攻60、速度70）
22,大嘴雀,2,melee,195,90,100,breakthrough,yes,现行正式教学兼容规则：草、火、虫、一般、格斗或钢属性可学,no,现行正式教学兼容规则：水属性可学,yes,现行正式教学兼容规则：所有宝可梦可学,yes,现行正式教学兼容规则：所有宝可梦可学,no,现行正式教学兼容规则：火或草属性可学,no,现行正式教学兼容规则：水或电属性可学,yes,近战且体格195<220：低体格贴身突破职责,no,不具备：ranged and speed >= 70（当前射程近战、体格195、最高双攻90、速度100）,no,不具备：melee and bulk >= 220（当前射程近战、体格195、最高双攻90、速度100）,no,不具备：ranged and speed < 70（当前射程近战、体格195、最高双攻90、速度100）,no,不具备：max attack/special attack >= 100（当前射程近战、体格195、最高双攻90、速度100）,no,不具备：bulk >= 260（当前射程近战、体格195、最高双攻90、速度100）,no,不具备：200 <= bulk < 260 and speed <= 70（当前射程近战、体格195、最高双攻90、速度100）,yes,速度100≥100：稀有心律截断
25,皮卡丘,1,melee,95,55,90,breakthrough,no,现行正式教学兼容规则：草、火、虫、一般、格斗或钢属性可学,no,现行正式教学兼容规则：水属性可学,yes,现行正式教学兼容规则：所有宝可梦可学,yes,现行正式教学兼容规则：所有宝可梦可学,no,现行正式教学兼容规则：火或草属性可学,yes,现行正式教学兼容规则：水或电属性可学,yes,近战且体格95<220：低体格贴身突破职责,no,不具备：ranged and speed >= 70（当前射程近战、体格95、最高双攻55、速度90）,no,不具备：melee and bulk >= 220（当前射程近战、体格95、最高双攻55、速度90）,no,不具备：ranged and speed < 70（当前射程近战、体格95、最高双攻55、速度90）,no,不具备：max attack/special attack >= 100（当前射程近战、体格95、最高双攻55、速度90）,no,不具备：bulk >= 260（当前射程近战、体格95、最高双攻55、速度90）,no,不具备：200 <= bulk < 260 and speed <= 70（当前射程近战、体格95、最高双攻55、速度90）,no,不具备：speed >= 100（当前射程近战、体格95、最高双攻55、速度90）
26,雷丘,2,ranged,170,90,100,suppression,no,现行正式教学兼容规则：草、火、虫、一般、格斗或钢属性可学,no,现行正式教学兼容规则：水属性可学,yes,现行正式教学兼容规则：所有宝可梦可学,yes,现行正式教学兼容规则：所有宝可梦可学,no,现行正式教学兼容规则：火或草属性可学,yes,现行正式教学兼容规则：水或电属性可学,no,不具备：melee and bulk < 220（当前射程远程、体格170、最高双攻90、速度100）,yes,远程且速度100≥70：远程压启动职责,no,不具备：melee and bulk >= 220（当前射程远程、体格170、最高双攻90、速度100）,no,不具备：ranged and speed < 70（当前射程远程、体格170、最高双攻90、速度100）,no,不具备：max attack/special attack >= 100（当前射程远程、体格170、最高双攻90、速度100）,no,不具备：bulk >= 260（当前射程远程、体格170、最高双攻90、速度100）,no,不具备：200 <= bulk < 260 and speed <= 70（当前射程远程、体格170、最高双攻90、速度100）,yes,速度100≥100：稀有心律截断
29,尼多兰,1,melee,159,47,41,breakthrough,no,现行正式教学兼容规则：草、火、虫、一般、格斗或钢属性可学,no,现行正式教学兼容规则：水属性可学,yes,现行正式教学兼容规则：所有宝可梦可学,yes,现行正式教学兼容规则：所有宝可梦可学,no,现行正式教学兼容规则：火或草属性可学,no,现行正式教学兼容规则：水或电属性可学,yes,近战且体格159<220：低体格贴身突破职责,no,不具备：ranged and speed >= 70（当前射程近战、体格159、最高双攻47、速度41）,no,不具备：melee and bulk >= 220（当前射程近战、体格159、最高双攻47、速度41）,no,不具备：ranged and speed < 70（当前射程近战、体格159、最高双攻47、速度41）,no,不具备：max attack/special attack >= 100（当前射程近战、体格159、最高双攻47、速度41）,no,不具备：bulk >= 260（当前射程近战、体格159、最高双攻47、速度41）,no,不具备：200 <= bulk < 260 and speed <= 70（当前射程近战、体格159、最高双攻47、速度41）,no,不具备：speed >= 100（当前射程近战、体格159、最高双攻47、速度41）
30,尼多娜,2,melee,204,62,56,breakthrough,no,现行正式教学兼容规则：草、火、虫、一般、格斗或钢属性可学,no,现行正式教学兼容规则：水属性可学,yes,现行正式教学兼容规则：所有宝可梦可学,yes,现行正式教学兼容规则：所有宝可梦可学,no,现行正式教学兼容规则：火或草属性可学,no,现行正式教学兼容规则：水或电属性可学,yes,近战且体格204<220：低体格贴身突破职责,no,不具备：ranged and speed >= 70（当前射程近战、体格204、最高双攻62、速度56）,no,不具备：melee and bulk >= 220（当前射程近战、体格204、最高双攻62、速度56）,no,不具备：ranged and speed < 70（当前射程近战、体格204、最高双攻62、速度56）,no,不具备：max attack/special attack >= 100（当前射程近战、体格204、最高双攻62、速度56）,no,不具备：bulk >= 260（当前射程近战、体格204、最高双攻62、速度56）,yes,体格204在200–259且速度56≤70：稳态救援,no,不具备：speed >= 100（当前射程近战、体格204、最高双攻62、速度56）
31,尼多后,2,melee,264,82,76,counter,no,现行正式教学兼容规则：草、火、虫、一般、格斗或钢属性可学,no,现行正式教学兼容规则：水属性可学,yes,现行正式教学兼容规则：所有宝可梦可学,yes,现行正式教学兼容规则：所有宝可梦可学,no,现行正式教学兼容规则：火或草属性可学,no,现行正式教学兼容规则：水或电属性可学,no,不具备：melee and bulk < 220（当前射程近战、体格264、最高双攻82、速度76）,no,不具备：ranged and speed >= 70（当前射程近战、体格264、最高双攻82、速度76）,yes,近战且体格264≥220：高质量受击反击职责,no,不具备：ranged and speed < 70（当前射程近战、体格264、最高双攻82、速度76）,no,不具备：max attack/special attack >= 100（当前射程近战、体格264、最高双攻82、速度76）,yes,体格264≥260：重装阵型爆发,no,不具备：200 <= bulk < 260 and speed <= 70（当前射程近战、体格264、最高双攻82、速度76）,no,不具备：speed >= 100（当前射程近战、体格264、最高双攻82、速度76）
32,尼多朗,1,melee,126,57,50,breakthrough,no,现行正式教学兼容规则：草、火、虫、一般、格斗或钢属性可学,no,现行正式教学兼容规则：水属性可学,yes,现行正式教学兼容规则：所有宝可梦可学,yes,现行正式教学兼容规则：所有宝可梦可学,no,现行正式教学兼容规则：火或草属性可学,no,现行正式教学兼容规则：水或电属性可学,yes,近战且体格126<220：低体格贴身突破职责,no,不具备：ranged and speed >= 70（当前射程近战、体格126、最高双攻57、速度50）,no,不具备：melee and bulk >= 220（当前射程近战、体格126、最高双攻57、速度50）,no,不具备：ranged and speed < 70（当前射程近战、体格126、最高双攻57、速度50）,no,不具备：max attack/special attack >= 100（当前射程近战、体格126、最高双攻57、速度50）,no,不具备：bulk >= 260（当前射程近战、体格126、最高双攻57、速度50）,no,不具备：200 <= bulk < 260 and speed <= 70（当前射程近战、体格126、最高双攻57、速度50）,no,不具备：speed >= 100（当前射程近战、体格126、最高双攻57、速度50）
33,尼多力诺,2,melee,175,72,65,breakthrough,no,现行正式教学兼容规则：草、火、虫、一般、格斗或钢属性可学,no,现行正式教学兼容规则：水属性可学,yes,现行正式教学兼容规则：所有宝可梦可学,yes,现行正式教学兼容规则：所有宝可梦可学,no,现行正式教学兼容规则：火或草属性可学,no,现行正式教学兼容规则：水或电属性可学,yes,近战且体格175<220：低体格贴身突破职责,no,不具备：ranged and speed >= 70（当前射程近战、体格175、最高双攻72、速度65）,no,不具备：melee and bulk >= 220（当前射程近战、体格175、最高双攻72、速度65）,no,不具备：ranged and speed < 70（当前射程近战、体格175、最高双攻72、速度65）,no,不具备：max attack/special attack >= 100（当前射程近战、体格175、最高双攻72、速度65）,no,不具备：bulk >= 260（当前射程近战、体格175、最高双攻72、速度65）,no,不具备：200 <= bulk < 260 and speed <= 70（当前射程近战、体格175、最高双攻72、速度65）,no,不具备：speed >= 100（当前射程近战、体格175、最高双攻72、速度65）
34,尼多王,2,melee,235,92,85,counter,no,现行正式教学兼容规则：草、火、虫、一般、格斗或钢属性可学,no,现行正式教学兼容规则：水属性可学,yes,现行正式教学兼容规则：所有宝可梦可学,yes,现行正式教学兼容规则：所有宝可梦可学,no,现行正式教学兼容规则：火或草属性可学,no,现行正式教学兼容规则：水或电属性可学,no,不具备：melee and bulk < 220（当前射程近战、体格235、最高双攻92、速度85）,no,不具备：ranged and speed >= 70（当前射程近战、体格235、最高双攻92、速度85）,yes,近战且体格235≥220：高质量受击反击职责,no,不具备：ranged and speed < 70（当前射程近战、体格235、最高双攻92、速度85）,no,不具备：max attack/special attack >= 100（当前射程近战、体格235、最高双攻92、速度85）,no,不具备：bulk >= 260（当前射程近战、体格235、最高双攻92、速度85）,no,不具备：200 <= bulk < 260 and speed <= 70（当前射程近战、体格235、最高双攻92、速度85）,no,不具备：speed >= 100（当前射程近战、体格235、最高双攻92、速度85）
37,六尾,1,ranged,118,50,65,rally,yes,现行正式教学兼容规则：草、火、虫、一般、格斗或钢属性可学,no,现行正式教学兼容规则：水属性可学,yes,现行正式教学兼容规则：所有宝可梦可学,yes,现行正式教学兼容规则：所有宝可梦可学,yes,现行正式教学兼容规则：火或草属性可学,no,现行正式教学兼容规则：水或电属性可学,no,不具备：melee and bulk < 220（当前射程远程、体格118、最高双攻50、速度65）,no,不具备：ranged and speed >= 70（当前射程远程、体格118、最高双攻50、速度65）,no,不具备：melee and bulk >= 220（当前射程远程、体格118、最高双攻50、速度65）,yes,远程且速度65<70：慢速指挥职责,no,不具备：max attack/special attack >= 100（当前射程远程、体格118、最高双攻50、速度65）,no,不具备：bulk >= 260（当前射程远程、体格118、最高双攻50、速度65）,no,不具备：200 <= bulk < 260 and speed <= 70（当前射程远程、体格118、最高双攻50、速度65）,no,不具备：speed >= 100（当前射程远程、体格118、最高双攻50、速度65）
38,九尾,3,ranged,223,81,100,suppression,yes,现行正式教学兼容规则：草、火、虫、一般、格斗或钢属性可学,no,现行正式教学兼容规则：水属性可学,yes,现行正式教学兼容规则：所有宝可梦可学,yes,现行正式教学兼容规则：所有宝可梦可学,yes,现行正式教学兼容规则：火或草属性可学,no,现行正式教学兼容规则：水或电属性可学,no,不具备：melee and bulk < 220（当前射程远程、体格223、最高双攻81、速度100）,yes,远程且速度100≥70：远程压启动职责,no,不具备：melee and bulk >= 220（当前射程远程、体格223、最高双攻81、速度100）,no,不具备：ranged and speed < 70（当前射程远程、体格223、最高双攻81、速度100）,no,不具备：max attack/special attack >= 100（当前射程远程、体格223、最高双攻81、速度100）,no,不具备：bulk >= 260（当前射程远程、体格223、最高双攻81、速度100）,no,不具备：200 <= bulk < 260 and speed <= 70（当前射程远程、体格223、最高双攻81、速度100）,yes,速度100≥100：稀有心律截断
41,超音蝠,1,melee,110,45,55,breakthrough,no,现行正式教学兼容规则：草、火、虫、一般、格斗或钢属性可学,no,现行正式教学兼容规则：水属性可学,yes,现行正式教学兼容规则：所有宝可梦可学,yes,现行正式教学兼容规则：所有宝可梦可学,no,现行正式教学兼容规则：火或草属性可学,no,现行正式教学兼容规则：水或电属性可学,yes,近战且体格110<220：低体格贴身突破职责,no,不具备：ranged and speed >= 70（当前射程近战、体格110、最高双攻45、速度55）,no,不具备：melee and bulk >= 220（当前射程近战、体格110、最高双攻45、速度55）,no,不具备：ranged and speed < 70（当前射程近战、体格110、最高双攻45、速度55）,no,不具备：max attack/special attack >= 100（当前射程近战、体格110、最高双攻45、速度55）,no,不具备：bulk >= 260（当前射程近战、体格110、最高双攻45、速度55）,no,不具备：200 <= bulk < 260 and speed <= 70（当前射程近战、体格110、最高双攻45、速度55）,no,不具备：speed >= 100（当前射程近战、体格110、最高双攻45、速度55）
42,大嘴蝠,2,melee,215,80,90,breakthrough,no,现行正式教学兼容规则：草、火、虫、一般、格斗或钢属性可学,no,现行正式教学兼容规则：水属性可学,yes,现行正式教学兼容规则：所有宝可梦可学,yes,现行正式教学兼容规则：所有宝可梦可学,no,现行正式教学兼容规则：火或草属性可学,no,现行正式教学兼容规则：水或电属性可学,yes,近战且体格215<220：低体格贴身突破职责,no,不具备：ranged and speed >= 70（当前射程近战、体格215、最高双攻80、速度90）,no,不具备：melee and bulk >= 220（当前射程近战、体格215、最高双攻80、速度90）,no,不具备：ranged and speed < 70（当前射程近战、体格215、最高双攻80、速度90）,no,不具备：max attack/special attack >= 100（当前射程近战、体格215、最高双攻80、速度90）,no,不具备：bulk >= 260（当前射程近战、体格215、最高双攻80、速度90）,no,不具备：200 <= bulk < 260 and speed <= 70（当前射程近战、体格215、最高双攻80、速度90）,no,不具备：speed >= 100（当前射程近战、体格215、最高双攻80、速度90）
43,走路草,1,ranged,155,75,30,rally,yes,现行正式教学兼容规则：草、火、虫、一般、格斗或钢属性可学,no,现行正式教学兼容规则：水属性可学,yes,现行正式教学兼容规则：所有宝可梦可学,yes,现行正式教学兼容规则：所有宝可梦可学,yes,现行正式教学兼容规则：火或草属性可学,no,现行正式教学兼容规则：水或电属性可学,no,不具备：melee and bulk < 220（当前射程远程、体格155、最高双攻75、速度30）,no,不具备：ranged and speed >= 70（当前射程远程、体格155、最高双攻75、速度30）,no,不具备：melee and bulk >= 220（当前射程远程、体格155、最高双攻75、速度30）,yes,远程且速度30<70：慢速指挥职责,no,不具备：max attack/special attack >= 100（当前射程远程、体格155、最高双攻75、速度30）,no,不具备：bulk >= 260（当前射程远程、体格155、最高双攻75、速度30）,no,不具备：200 <= bulk < 260 and speed <= 70（当前射程远程、体格155、最高双攻75、速度30）,no,不具备：speed >= 100（当前射程远程、体格155、最高双攻75、速度30）
44,臭臭花,2,ranged,200,85,40,rally,yes,现行正式教学兼容规则：草、火、虫、一般、格斗或钢属性可学,no,现行正式教学兼容规则：水属性可学,yes,现行正式教学兼容规则：所有宝可梦可学,yes,现行正式教学兼容规则：所有宝可梦可学,yes,现行正式教学兼容规则：火或草属性可学,no,现行正式教学兼容规则：水或电属性可学,no,不具备：melee and bulk < 220（当前射程远程、体格200、最高双攻85、速度40）,no,不具备：ranged and speed >= 70（当前射程远程、体格200、最高双攻85、速度40）,no,不具备：melee and bulk >= 220（当前射程远程、体格200、最高双攻85、速度40）,yes,远程且速度40<70：慢速指挥职责,no,不具备：max attack/special attack >= 100（当前射程远程、体格200、最高双攻85、速度40）,no,不具备：bulk >= 260（当前射程远程、体格200、最高双攻85、速度40）,yes,体格200在200–259且速度40≤70：稳态救援,no,不具备：speed >= 100（当前射程远程、体格200、最高双攻85、速度40）
45,霸王花,2,ranged,245,100,50,rally,yes,现行正式教学兼容规则：草、火、虫、一般、格斗或钢属性可学,no,现行正式教学兼容规则：水属性可学,yes,现行正式教学兼容规则：所有宝可梦可学,yes,现行正式教学兼容规则：所有宝可梦可学,yes,现行正式教学兼容规则：火或草属性可学,no,现行正式教学兼容规则：水或电属性可学,no,不具备：melee and bulk < 220（当前射程远程、体格245、最高双攻100、速度50）,no,不具备：ranged and speed >= 70（当前射程远程、体格245、最高双攻100、速度50）,no,不具备：melee and bulk >= 220（当前射程远程、体格245、最高双攻100、速度50）,yes,远程且速度50<70：慢速指挥职责,yes,最高双攻100≥100：稀有终结窗口,no,不具备：bulk >= 260（当前射程远程、体格245、最高双攻100、速度50）,yes,体格245在200–259且速度50≤70：稳态救援,no,不具备：speed >= 100（当前射程远程、体格245、最高双攻100、速度50）
54,可达鸭,1,ranged,146,65,55,rally,no,现行正式教学兼容规则：草、火、虫、一般、格斗或钢属性可学,yes,现行正式教学兼容规则：水属性可学,yes,现行正式教学兼容规则：所有宝可梦可学,yes,现行正式教学兼容规则：所有宝可梦可学,no,现行正式教学兼容规则：火或草属性可学,yes,现行正式教学兼容规则：水或电属性可学,no,不具备：melee and bulk < 220（当前射程远程、体格146、最高双攻65、速度55）,no,不具备：ranged and speed >= 70（当前射程远程、体格146、最高双攻65、速度55）,no,不具备：melee and bulk >= 220（当前射程远程、体格146、最高双攻65、速度55）,yes,远程且速度55<70：慢速指挥职责,no,不具备：max attack/special attack >= 100（当前射程远程、体格146、最高双攻65、速度55）,no,不具备：bulk >= 260（当前射程远程、体格146、最高双攻65、速度55）,no,不具备：200 <= bulk < 260 and speed <= 70（当前射程远程、体格146、最高双攻65、速度55）,no,不具备：speed >= 100（当前射程远程、体格146、最高双攻65、速度55）
55,哥达鸭,3,ranged,236,95,85,suppression,no,现行正式教学兼容规则：草、火、虫、一般、格斗或钢属性可学,yes,现行正式教学兼容规则：水属性可学,yes,现行正式教学兼容规则：所有宝可梦可学,yes,现行正式教学兼容规则：所有宝可梦可学,no,现行正式教学兼容规则：火或草属性可学,yes,现行正式教学兼容规则：水或电属性可学,no,不具备：melee and bulk < 220（当前射程远程、体格236、最高双攻95、速度85）,yes,远程且速度85≥70：远程压启动职责,no,不具备：melee and bulk >= 220（当前射程远程、体格236、最高双攻95、速度85）,no,不具备：ranged and speed < 70（当前射程远程、体格236、最高双攻95、速度85）,no,不具备：max attack/special attack >= 100（当前射程远程、体格236、最高双攻95、速度85）,no,不具备：bulk >= 260（当前射程远程、体格236、最高双攻95、速度85）,no,不具备：200 <= bulk < 260 and speed <= 70（当前射程远程、体格236、最高双攻95、速度85）,no,不具备：speed >= 100（当前射程远程、体格236、最高双攻95、速度85）
56,猴怪,1,melee,110,80,70,breakthrough,yes,现行正式教学兼容规则：草、火、虫、一般、格斗或钢属性可学,no,现行正式教学兼容规则：水属性可学,yes,现行正式教学兼容规则：所有宝可梦可学,yes,现行正式教学兼容规则：所有宝可梦可学,no,现行正式教学兼容规则：火或草属性可学,no,现行正式教学兼容规则：水或电属性可学,yes,近战且体格110<220：低体格贴身突破职责,no,不具备：ranged and speed >= 70（当前射程近战、体格110、最高双攻80、速度70）,no,不具备：melee and bulk >= 220（当前射程近战、体格110、最高双攻80、速度70）,no,不具备：ranged and speed < 70（当前射程近战、体格110、最高双攻80、速度70）,no,不具备：max attack/special attack >= 100（当前射程近战、体格110、最高双攻80、速度70）,no,不具备：bulk >= 260（当前射程近战、体格110、最高双攻80、速度70）,no,不具备：200 <= bulk < 260 and speed <= 70（当前射程近战、体格110、最高双攻80、速度70）,no,不具备：speed >= 100（当前射程近战、体格110、最高双攻80、速度70）
57,火暴猴,2,melee,185,105,95,breakthrough,yes,现行正式教学兼容规则：草、火、虫、一般、格斗或钢属性可学,no,现行正式教学兼容规则：水属性可学,yes,现行正式教学兼容规则：所有宝可梦可学,yes,现行正式教学兼容规则：所有宝可梦可学,no,现行正式教学兼容规则：火或草属性可学,no,现行正式教学兼容规则：水或电属性可学,yes,近战且体格185<220：低体格贴身突破职责,no,不具备：ranged and speed >= 70（当前射程近战、体格185、最高双攻105、速度95）,no,不具备：melee and bulk >= 220（当前射程近战、体格185、最高双攻105、速度95）,no,不具备：ranged and speed < 70（当前射程近战、体格185、最高双攻105、速度95）,yes,最高双攻105≥100：稀有终结窗口,no,不具备：bulk >= 260（当前射程近战、体格185、最高双攻105、速度95）,no,不具备：200 <= bulk < 260 and speed <= 70（当前射程近战、体格185、最高双攻105、速度95）,no,不具备：speed >= 100（当前射程近战、体格185、最高双攻105、速度95）
58,卡蒂狗,1,melee,145,70,60,breakthrough,yes,现行正式教学兼容规则：草、火、虫、一般、格斗或钢属性可学,no,现行正式教学兼容规则：水属性可学,yes,现行正式教学兼容规则：所有宝可梦可学,yes,现行正式教学兼容规则：所有宝可梦可学,yes,现行正式教学兼容规则：火或草属性可学,no,现行正式教学兼容规则：水或电属性可学,yes,近战且体格145<220：低体格贴身突破职责,no,不具备：ranged and speed >= 70（当前射程近战、体格145、最高双攻70、速度60）,no,不具备：melee and bulk >= 220（当前射程近战、体格145、最高双攻70、速度60）,no,不具备：ranged and speed < 70（当前射程近战、体格145、最高双攻70、速度60）,no,不具备：max attack/special attack >= 100（当前射程近战、体格145、最高双攻70、速度60）,no,不具备：bulk >= 260（当前射程近战、体格145、最高双攻70、速度60）,no,不具备：200 <= bulk < 260 and speed <= 70（当前射程近战、体格145、最高双攻70、速度60）,no,不具备：speed >= 100（当前射程近战、体格145、最高双攻70、速度60）
59,风速狗,3,melee,250,110,95,counter,yes,现行正式教学兼容规则：草、火、虫、一般、格斗或钢属性可学,no,现行正式教学兼容规则：水属性可学,yes,现行正式教学兼容规则：所有宝可梦可学,yes,现行正式教学兼容规则：所有宝可梦可学,yes,现行正式教学兼容规则：火或草属性可学,no,现行正式教学兼容规则：水或电属性可学,no,不具备：melee and bulk < 220（当前射程近战、体格250、最高双攻110、速度95）,no,不具备：ranged and speed >= 70（当前射程近战、体格250、最高双攻110、速度95）,yes,近战且体格250≥220：高质量受击反击职责,no,不具备：ranged and speed < 70（当前射程近战、体格250、最高双攻110、速度95）,yes,最高双攻110≥100：稀有终结窗口,no,不具备：bulk >= 260（当前射程近战、体格250、最高双攻110、速度95）,no,不具备：200 <= bulk < 260 and speed <= 70（当前射程近战、体格250、最高双攻110、速度95）,no,不具备：speed >= 100（当前射程近战、体格250、最高双攻110、速度95）
60,蚊香蝌蚪,1,melee,120,50,90,breakthrough,no,现行正式教学兼容规则：草、火、虫、一般、格斗或钢属性可学,yes,现行正式教学兼容规则：水属性可学,yes,现行正式教学兼容规则：所有宝可梦可学,yes,现行正式教学兼容规则：所有宝可梦可学,no,现行正式教学兼容规则：火或草属性可学,yes,现行正式教学兼容规则：水或电属性可学,yes,近战且体格120<220：低体格贴身突破职责,no,不具备：ranged and speed >= 70（当前射程近战、体格120、最高双攻50、速度90）,no,不具备：melee and bulk >= 220（当前射程近战、体格120、最高双攻50、速度90）,no,不具备：ranged and speed < 70（当前射程近战、体格120、最高双攻50、速度90）,no,不具备：max attack/special attack >= 100（当前射程近战、体格120、最高双攻50、速度90）,no,不具备：bulk >= 260（当前射程近战、体格120、最高双攻50、速度90）,no,不具备：200 <= bulk < 260 and speed <= 70（当前射程近战、体格120、最高双攻50、速度90）,no,不具备：speed >= 100（当前射程近战、体格120、最高双攻50、速度90）
61,蚊香君,2,melee,195,65,90,breakthrough,no,现行正式教学兼容规则：草、火、虫、一般、格斗或钢属性可学,yes,现行正式教学兼容规则：水属性可学,yes,现行正式教学兼容规则：所有宝可梦可学,yes,现行正式教学兼容规则：所有宝可梦可学,no,现行正式教学兼容规则：火或草属性可学,yes,现行正式教学兼容规则：水或电属性可学,yes,近战且体格195<220：低体格贴身突破职责,no,不具备：ranged and speed >= 70（当前射程近战、体格195、最高双攻65、速度90）,no,不具备：melee and bulk >= 220（当前射程近战、体格195、最高双攻65、速度90）,no,不具备：ranged and speed < 70（当前射程近战、体格195、最高双攻65、速度90）,no,不具备：max attack/special attack >= 100（当前射程近战、体格195、最高双攻65、速度90）,no,不具备：bulk >= 260（当前射程近战、体格195、最高双攻65、速度90）,no,不具备：200 <= bulk < 260 and speed <= 70（当前射程近战、体格195、最高双攻65、速度90）,no,不具备：speed >= 100（当前射程近战、体格195、最高双攻65、速度90）
62,蚊香泳士,3,melee,280,85,70,counter,yes,现行正式教学兼容规则：草、火、虫、一般、格斗或钢属性可学,yes,现行正式教学兼容规则：水属性可学,yes,现行正式教学兼容规则：所有宝可梦可学,yes,现行正式教学兼容规则：所有宝可梦可学,no,现行正式教学兼容规则：火或草属性可学,yes,现行正式教学兼容规则：水或电属性可学,no,不具备：melee and bulk < 220（当前射程近战、体格280、最高双攻85、速度70）,no,不具备：ranged and speed >= 70（当前射程近战、体格280、最高双攻85、速度70）,yes,近战且体格280≥220：高质量受击反击职责,no,不具备：ranged and speed < 70（当前射程近战、体格280、最高双攻85、速度70）,no,不具备：max attack/special attack >= 100（当前射程近战、体格280、最高双攻85、速度70）,yes,体格280≥260：重装阵型爆发,no,不具备：200 <= bulk < 260 and speed <= 70（当前射程近战、体格280、最高双攻85、速度70）,no,不具备：speed >= 100（当前射程近战、体格280、最高双攻85、速度70）
63,凯西,1,ranged,55,105,90,suppression,no,现行正式教学兼容规则：草、火、虫、一般、格斗或钢属性可学,no,现行正式教学兼容规则：水属性可学,yes,现行正式教学兼容规则：所有宝可梦可学,yes,现行正式教学兼容规则：所有宝可梦可学,no,现行正式教学兼容规则：火或草属性可学,no,现行正式教学兼容规则：水或电属性可学,no,不具备：melee and bulk < 220（当前射程远程、体格55、最高双攻105、速度90）,yes,远程且速度90≥70：远程压启动职责,no,不具备：melee and bulk >= 220（当前射程远程、体格55、最高双攻105、速度90）,no,不具备：ranged and speed < 70（当前射程远程、体格55、最高双攻105、速度90）,yes,最高双攻105≥100：稀有终结窗口,no,不具备：bulk >= 260（当前射程远程、体格55、最高双攻105、速度90）,no,不具备：200 <= bulk < 260 and speed <= 70（当前射程远程、体格55、最高双攻105、速度90）,no,不具备：speed >= 100（当前射程远程、体格55、最高双攻105、速度90）
64,勇基拉,2,ranged,100,120,105,suppression,no,现行正式教学兼容规则：草、火、虫、一般、格斗或钢属性可学,no,现行正式教学兼容规则：水属性可学,yes,现行正式教学兼容规则：所有宝可梦可学,yes,现行正式教学兼容规则：所有宝可梦可学,no,现行正式教学兼容规则：火或草属性可学,no,现行正式教学兼容规则：水或电属性可学,no,不具备：melee and bulk < 220（当前射程远程、体格100、最高双攻120、速度105）,yes,远程且速度105≥70：远程压启动职责,no,不具备：melee and bulk >= 220（当前射程远程、体格100、最高双攻120、速度105）,no,不具备：ranged and speed < 70（当前射程远程、体格100、最高双攻120、速度105）,yes,最高双攻120≥100：稀有终结窗口,no,不具备：bulk >= 260（当前射程远程、体格100、最高双攻120、速度105）,no,不具备：200 <= bulk < 260 and speed <= 70（当前射程远程、体格100、最高双攻120、速度105）,yes,速度105≥100：稀有心律截断
65,胡地,2,ranged,145,135,120,suppression,no,现行正式教学兼容规则：草、火、虫、一般、格斗或钢属性可学,no,现行正式教学兼容规则：水属性可学,yes,现行正式教学兼容规则：所有宝可梦可学,yes,现行正式教学兼容规则：所有宝可梦可学,no,现行正式教学兼容规则：火或草属性可学,no,现行正式教学兼容规则：水或电属性可学,no,不具备：melee and bulk < 220（当前射程远程、体格145、最高双攻135、速度120）,yes,远程且速度120≥70：远程压启动职责,no,不具备：melee and bulk >= 220（当前射程远程、体格145、最高双攻135、速度120）,no,不具备：ranged and speed < 70（当前射程远程、体格145、最高双攻135、速度120）,yes,最高双攻135≥100：稀有终结窗口,no,不具备：bulk >= 260（当前射程远程、体格145、最高双攻135、速度120）,no,不具备：200 <= bulk < 260 and speed <= 70（当前射程远程、体格145、最高双攻135、速度120）,yes,速度120≥100：稀有心律截断
66,腕力,1,melee,170,80,35,breakthrough,yes,现行正式教学兼容规则：草、火、虫、一般、格斗或钢属性可学,no,现行正式教学兼容规则：水属性可学,yes,现行正式教学兼容规则：所有宝可梦可学,yes,现行正式教学兼容规则：所有宝可梦可学,no,现行正式教学兼容规则：火或草属性可学,no,现行正式教学兼容规则：水或电属性可学,yes,近战且体格170<220：低体格贴身突破职责,no,不具备：ranged and speed >= 70（当前射程近战、体格170、最高双攻80、速度35）,no,不具备：melee and bulk >= 220（当前射程近战、体格170、最高双攻80、速度35）,no,不具备：ranged and speed < 70（当前射程近战、体格170、最高双攻80、速度35）,no,不具备：max attack/special attack >= 100（当前射程近战、体格170、最高双攻80、速度35）,no,不具备：bulk >= 260（当前射程近战、体格170、最高双攻80、速度35）,no,不具备：200 <= bulk < 260 and speed <= 70（当前射程近战、体格170、最高双攻80、速度35）,no,不具备：speed >= 100（当前射程近战、体格170、最高双攻80、速度35）
67,豪力,2,melee,220,100,45,counter,yes,现行正式教学兼容规则：草、火、虫、一般、格斗或钢属性可学,no,现行正式教学兼容规则：水属性可学,yes,现行正式教学兼容规则：所有宝可梦可学,yes,现行正式教学兼容规则：所有宝可梦可学,no,现行正式教学兼容规则：火或草属性可学,no,现行正式教学兼容规则：水或电属性可学,no,不具备：melee and bulk < 220（当前射程近战、体格220、最高双攻100、速度45）,no,不具备：ranged and speed >= 70（当前射程近战、体格220、最高双攻100、速度45）,yes,近战且体格220≥220：高质量受击反击职责,no,不具备：ranged and speed < 70（当前射程近战、体格220、最高双攻100、速度45）,yes,最高双攻100≥100：稀有终结窗口,no,不具备：bulk >= 260（当前射程近战、体格220、最高双攻100、速度45）,yes,体格220在200–259且速度45≤70：稳态救援,no,不具备：speed >= 100（当前射程近战、体格220、最高双攻100、速度45）
68,怪力,3,melee,250,130,55,counter,yes,现行正式教学兼容规则：草、火、虫、一般、格斗或钢属性可学,no,现行正式教学兼容规则：水属性可学,yes,现行正式教学兼容规则：所有宝可梦可学,yes,现行正式教学兼容规则：所有宝可梦可学,no,现行正式教学兼容规则：火或草属性可学,no,现行正式教学兼容规则：水或电属性可学,no,不具备：melee and bulk < 220（当前射程近战、体格250、最高双攻130、速度55）,no,不具备：ranged and speed >= 70（当前射程近战、体格250、最高双攻130、速度55）,yes,近战且体格250≥220：高质量受击反击职责,no,不具备：ranged and speed < 70（当前射程近战、体格250、最高双攻130、速度55）,yes,最高双攻130≥100：稀有终结窗口,no,不具备：bulk >= 260（当前射程近战、体格250、最高双攻130、速度55）,yes,体格250在200–259且速度55≤70：稳态救援,no,不具备：speed >= 100（当前射程近战、体格250、最高双攻130、速度55）
69,喇叭芽,1,melee,120,75,40,breakthrough,yes,现行正式教学兼容规则：草、火、虫、一般、格斗或钢属性可学,no,现行正式教学兼容规则：水属性可学,yes,现行正式教学兼容规则：所有宝可梦可学,yes,现行正式教学兼容规则：所有宝可梦可学,yes,现行正式教学兼容规则：火或草属性可学,no,现行正式教学兼容规则：水或电属性可学,yes,近战且体格120<220：低体格贴身突破职责,no,不具备：ranged and speed >= 70（当前射程近战、体格120、最高双攻75、速度40）,no,不具备：melee and bulk >= 220（当前射程近战、体格120、最高双攻75、速度40）,no,不具备：ranged and speed < 70（当前射程近战、体格120、最高双攻75、速度40）,no,不具备：max attack/special attack >= 100（当前射程近战、体格120、最高双攻75、速度40）,no,不具备：bulk >= 260（当前射程近战、体格120、最高双攻75、速度40）,no,不具备：200 <= bulk < 260 and speed <= 70（当前射程近战、体格120、最高双攻75、速度40）,no,不具备：speed >= 100（当前射程近战、体格120、最高双攻75、速度40）
70,口呆花,2,melee,165,90,55,breakthrough,yes,现行正式教学兼容规则：草、火、虫、一般、格斗或钢属性可学,no,现行正式教学兼容规则：水属性可学,yes,现行正式教学兼容规则：所有宝可梦可学,yes,现行正式教学兼容规则：所有宝可梦可学,yes,现行正式教学兼容规则：火或草属性可学,no,现行正式教学兼容规则：水或电属性可学,yes,近战且体格165<220：低体格贴身突破职责,no,不具备：ranged and speed >= 70（当前射程近战、体格165、最高双攻90、速度55）,no,不具备：melee and bulk >= 220（当前射程近战、体格165、最高双攻90、速度55）,no,不具备：ranged and speed < 70（当前射程近战、体格165、最高双攻90、速度55）,no,不具备：max attack/special attack >= 100（当前射程近战、体格165、最高双攻90、速度55）,no,不具备：bulk >= 260（当前射程近战、体格165、最高双攻90、速度55）,no,不具备：200 <= bulk < 260 and speed <= 70（当前射程近战、体格165、最高双攻90、速度55）,no,不具备：speed >= 100（当前射程近战、体格165、最高双攻90、速度55）
71,大食花,2,melee,210,105,70,breakthrough,yes,现行正式教学兼容规则：草、火、虫、一般、格斗或钢属性可学,no,现行正式教学兼容规则：水属性可学,yes,现行正式教学兼容规则：所有宝可梦可学,yes,现行正式教学兼容规则：所有宝可梦可学,yes,现行正式教学兼容规则：火或草属性可学,no,现行正式教学兼容规则：水或电属性可学,yes,近战且体格210<220：低体格贴身突破职责,no,不具备：ranged and speed >= 70（当前射程近战、体格210、最高双攻105、速度70）,no,不具备：melee and bulk >= 220（当前射程近战、体格210、最高双攻105、速度70）,no,不具备：ranged and speed < 70（当前射程近战、体格210、最高双攻105、速度70）,yes,最高双攻105≥100：稀有终结窗口,no,不具备：bulk >= 260（当前射程近战、体格210、最高双攻105、速度70）,yes,体格210在200–259且速度70≤70：稳态救援,no,不具备：speed >= 100（当前射程近战、体格210、最高双攻105、速度70）
74,小拳石,1,melee,240,80,20,counter,no,现行正式教学兼容规则：草、火、虫、一般、格斗或钢属性可学,no,现行正式教学兼容规则：水属性可学,yes,现行正式教学兼容规则：所有宝可梦可学,yes,现行正式教学兼容规则：所有宝可梦可学,no,现行正式教学兼容规则：火或草属性可学,no,现行正式教学兼容规则：水或电属性可学,no,不具备：melee and bulk < 220（当前射程近战、体格240、最高双攻80、速度20）,no,不具备：ranged and speed >= 70（当前射程近战、体格240、最高双攻80、速度20）,yes,近战且体格240≥220：高质量受击反击职责,no,不具备：ranged and speed < 70（当前射程近战、体格240、最高双攻80、速度20）,no,不具备：max attack/special attack >= 100（当前射程近战、体格240、最高双攻80、速度20）,no,不具备：bulk >= 260（当前射程近战、体格240、最高双攻80、速度20）,yes,体格240在200–259且速度20≤70：稳态救援,no,不具备：speed >= 100（当前射程近战、体格240、最高双攻80、速度20）
75,隆隆石,2,melee,285,95,35,counter,no,现行正式教学兼容规则：草、火、虫、一般、格斗或钢属性可学,no,现行正式教学兼容规则：水属性可学,yes,现行正式教学兼容规则：所有宝可梦可学,yes,现行正式教学兼容规则：所有宝可梦可学,no,现行正式教学兼容规则：火或草属性可学,no,现行正式教学兼容规则：水或电属性可学,no,不具备：melee and bulk < 220（当前射程近战、体格285、最高双攻95、速度35）,no,不具备：ranged and speed >= 70（当前射程近战、体格285、最高双攻95、速度35）,yes,近战且体格285≥220：高质量受击反击职责,no,不具备：ranged and speed < 70（当前射程近战、体格285、最高双攻95、速度35）,no,不具备：max attack/special attack >= 100（当前射程近战、体格285、最高双攻95、速度35）,yes,体格285≥260：重装阵型爆发,no,不具备：200 <= bulk < 260 and speed <= 70（当前射程近战、体格285、最高双攻95、速度35）,no,不具备：speed >= 100（当前射程近战、体格285、最高双攻95、速度35）
76,隆隆岩,2,melee,340,110,45,counter,no,现行正式教学兼容规则：草、火、虫、一般、格斗或钢属性可学,no,现行正式教学兼容规则：水属性可学,yes,现行正式教学兼容规则：所有宝可梦可学,yes,现行正式教学兼容规则：所有宝可梦可学,no,现行正式教学兼容规则：火或草属性可学,no,现行正式教学兼容规则：水或电属性可学,no,不具备：melee and bulk < 220（当前射程近战、体格340、最高双攻110、速度45）,no,不具备：ranged and speed >= 70（当前射程近战、体格340、最高双攻110、速度45）,yes,近战且体格340≥220：高质量受击反击职责,no,不具备：ranged and speed < 70（当前射程近战、体格340、最高双攻110、速度45）,yes,最高双攻110≥100：稀有终结窗口,yes,体格340≥260：重装阵型爆发,no,不具备：200 <= bulk < 260 and speed <= 70（当前射程近战、体格340、最高双攻110、速度45）,no,不具备：speed >= 100（当前射程近战、体格340、最高双攻110、速度45）
79,呆呆兽,1,melee,220,65,15,counter,no,现行正式教学兼容规则：草、火、虫、一般、格斗或钢属性可学,yes,现行正式教学兼容规则：水属性可学,yes,现行正式教学兼容规则：所有宝可梦可学,yes,现行正式教学兼容规则：所有宝可梦可学,no,现行正式教学兼容规则：火或草属性可学,yes,现行正式教学兼容规则：水或电属性可学,no,不具备：melee and bulk < 220（当前射程近战、体格220、最高双攻65、速度15）,no,不具备：ranged and speed >= 70（当前射程近战、体格220、最高双攻65、速度15）,yes,近战且体格220≥220：高质量受击反击职责,no,不具备：ranged and speed < 70（当前射程近战、体格220、最高双攻65、速度15）,no,不具备：max attack/special attack >= 100（当前射程近战、体格220、最高双攻65、速度15）,no,不具备：bulk >= 260（当前射程近战、体格220、最高双攻65、速度15）,yes,体格220在200–259且速度15≤70：稳态救援,no,不具备：speed >= 100（当前射程近战、体格220、最高双攻65、速度15）
80,呆壳兽,2,ranged,315,100,30,rally,no,现行正式教学兼容规则：草、火、虫、一般、格斗或钢属性可学,yes,现行正式教学兼容规则：水属性可学,yes,现行正式教学兼容规则：所有宝可梦可学,yes,现行正式教学兼容规则：所有宝可梦可学,no,现行正式教学兼容规则：火或草属性可学,yes,现行正式教学兼容规则：水或电属性可学,no,不具备：melee and bulk < 220（当前射程远程、体格315、最高双攻100、速度30）,no,不具备：ranged and speed >= 70（当前射程远程、体格315、最高双攻100、速度30）,no,不具备：melee and bulk >= 220（当前射程远程、体格315、最高双攻100、速度30）,yes,远程且速度30<70：慢速指挥职责,yes,最高双攻100≥100：稀有终结窗口,yes,体格315≥260：重装阵型爆发,no,不具备：200 <= bulk < 260 and speed <= 70（当前射程远程、体格315、最高双攻100、速度30）,no,不具备：speed >= 100（当前射程远程、体格315、最高双攻100、速度30）
81,小磁怪,1,ranged,165,95,45,rally,yes,现行正式教学兼容规则：草、火、虫、一般、格斗或钢属性可学,no,现行正式教学兼容规则：水属性可学,yes,现行正式教学兼容规则：所有宝可梦可学,yes,现行正式教学兼容规则：所有宝可梦可学,no,现行正式教学兼容规则：火或草属性可学,yes,现行正式教学兼容规则：水或电属性可学,no,不具备：melee and bulk < 220（当前射程远程、体格165、最高双攻95、速度45）,no,不具备：ranged and speed >= 70（当前射程远程、体格165、最高双攻95、速度45）,no,不具备：melee and bulk >= 220（当前射程远程、体格165、最高双攻95、速度45）,yes,远程且速度45<70：慢速指挥职责,no,不具备：max attack/special attack >= 100（当前射程远程、体格165、最高双攻95、速度45）,no,不具备：bulk >= 260（当前射程远程、体格165、最高双攻95、速度45）,no,不具备：200 <= bulk < 260 and speed <= 70（当前射程远程、体格165、最高双攻95、速度45）,no,不具备：speed >= 100（当前射程远程、体格165、最高双攻95、速度45）
82,三合一磁怪,2,ranged,240,120,70,suppression,yes,现行正式教学兼容规则：草、火、虫、一般、格斗或钢属性可学,no,现行正式教学兼容规则：水属性可学,yes,现行正式教学兼容规则：所有宝可梦可学,yes,现行正式教学兼容规则：所有宝可梦可学,no,现行正式教学兼容规则：火或草属性可学,yes,现行正式教学兼容规则：水或电属性可学,no,不具备：melee and bulk < 220（当前射程远程、体格240、最高双攻120、速度70）,yes,远程且速度70≥70：远程压启动职责,no,不具备：melee and bulk >= 220（当前射程远程、体格240、最高双攻120、速度70）,no,不具备：ranged and speed < 70（当前射程远程、体格240、最高双攻120、速度70）,yes,最高双攻120≥100：稀有终结窗口,no,不具备：bulk >= 260（当前射程远程、体格240、最高双攻120、速度70）,yes,体格240在200–259且速度70≤70：稳态救援,no,不具备：speed >= 100（当前射程远程、体格240、最高双攻120、速度70）
92,鬼斯,1,ranged,90,100,80,suppression,no,现行正式教学兼容规则：草、火、虫、一般、格斗或钢属性可学,no,现行正式教学兼容规则：水属性可学,yes,现行正式教学兼容规则：所有宝可梦可学,yes,现行正式教学兼容规则：所有宝可梦可学,no,现行正式教学兼容规则：火或草属性可学,no,现行正式教学兼容规则：水或电属性可学,no,不具备：melee and bulk < 220（当前射程远程、体格90、最高双攻100、速度80）,yes,远程且速度80≥70：远程压启动职责,no,不具备：melee and bulk >= 220（当前射程远程、体格90、最高双攻100、速度80）,no,不具备：ranged and speed < 70（当前射程远程、体格90、最高双攻100、速度80）,yes,最高双攻100≥100：稀有终结窗口,no,不具备：bulk >= 260（当前射程远程、体格90、最高双攻100、速度80）,no,不具备：200 <= bulk < 260 and speed <= 70（当前射程远程、体格90、最高双攻100、速度80）,no,不具备：speed >= 100（当前射程远程、体格90、最高双攻100、速度80）
93,鬼斯通,2,ranged,135,115,95,suppression,no,现行正式教学兼容规则：草、火、虫、一般、格斗或钢属性可学,no,现行正式教学兼容规则：水属性可学,yes,现行正式教学兼容规则：所有宝可梦可学,yes,现行正式教学兼容规则：所有宝可梦可学,no,现行正式教学兼容规则：火或草属性可学,no,现行正式教学兼容规则：水或电属性可学,no,不具备：melee and bulk < 220（当前射程远程、体格135、最高双攻115、速度95）,yes,远程且速度95≥70：远程压启动职责,no,不具备：melee and bulk >= 220（当前射程远程、体格135、最高双攻115、速度95）,no,不具备：ranged and speed < 70（当前射程远程、体格135、最高双攻115、速度95）,yes,最高双攻115≥100：稀有终结窗口,no,不具备：bulk >= 260（当前射程远程、体格135、最高双攻115、速度95）,no,不具备：200 <= bulk < 260 and speed <= 70（当前射程远程、体格135、最高双攻115、速度95）,no,不具备：speed >= 100（当前射程远程、体格135、最高双攻115、速度95）
94,耿鬼,3,ranged,180,130,110,suppression,no,现行正式教学兼容规则：草、火、虫、一般、格斗或钢属性可学,no,现行正式教学兼容规则：水属性可学,yes,现行正式教学兼容规则：所有宝可梦可学,yes,现行正式教学兼容规则：所有宝可梦可学,no,现行正式教学兼容规则：火或草属性可学,no,现行正式教学兼容规则：水或电属性可学,no,不具备：melee and bulk < 220（当前射程远程、体格180、最高双攻130、速度110）,yes,远程且速度110≥70：远程压启动职责,no,不具备：melee and bulk >= 220（当前射程远程、体格180、最高双攻130、速度110）,no,不具备：ranged and speed < 70（当前射程远程、体格180、最高双攻130、速度110）,yes,最高双攻130≥100：稀有终结窗口,no,不具备：bulk >= 260（当前射程远程、体格180、最高双攻130、速度110）,no,不具备：200 <= bulk < 260 and speed <= 70（当前射程远程、体格180、最高双攻130、速度110）,yes,速度110≥100：稀有心律截断
95,大岩蛇,2,melee,355,45,70,counter,no,现行正式教学兼容规则：草、火、虫、一般、格斗或钢属性可学,no,现行正式教学兼容规则：水属性可学,yes,现行正式教学兼容规则：所有宝可梦可学,yes,现行正式教学兼容规则：所有宝可梦可学,no,现行正式教学兼容规则：火或草属性可学,no,现行正式教学兼容规则：水或电属性可学,no,不具备：melee and bulk < 220（当前射程近战、体格355、最高双攻45、速度70）,no,不具备：ranged and speed >= 70（当前射程近战、体格355、最高双攻45、速度70）,yes,近战且体格355≥220：高质量受击反击职责,no,不具备：ranged and speed < 70（当前射程近战、体格355、最高双攻45、速度70）,no,不具备：max attack/special attack >= 100（当前射程近战、体格355、最高双攻45、速度70）,yes,体格355≥260：重装阵型爆发,no,不具备：200 <= bulk < 260 and speed <= 70（当前射程近战、体格355、最高双攻45、速度70）,no,不具备：speed >= 100（当前射程近战、体格355、最高双攻45、速度70）
111,独角犀牛,1,melee,270,85,25,counter,no,现行正式教学兼容规则：草、火、虫、一般、格斗或钢属性可学,no,现行正式教学兼容规则：水属性可学,yes,现行正式教学兼容规则：所有宝可梦可学,yes,现行正式教学兼容规则：所有宝可梦可学,no,现行正式教学兼容规则：火或草属性可学,no,现行正式教学兼容规则：水或电属性可学,no,不具备：melee and bulk < 220（当前射程近战、体格270、最高双攻85、速度25）,no,不具备：ranged and speed >= 70（当前射程近战、体格270、最高双攻85、速度25）,yes,近战且体格270≥220：高质量受击反击职责,no,不具备：ranged and speed < 70（当前射程近战、体格270、最高双攻85、速度25）,no,不具备：max attack/special attack >= 100（当前射程近战、体格270、最高双攻85、速度25）,yes,体格270≥260：重装阵型爆发,no,不具备：200 <= bulk < 260 and speed <= 70（当前射程近战、体格270、最高双攻85、速度25）,no,不具备：speed >= 100（当前射程近战、体格270、最高双攻85、速度25）
112,钻角犀兽,2,melee,345,130,40,counter,no,现行正式教学兼容规则：草、火、虫、一般、格斗或钢属性可学,no,现行正式教学兼容规则：水属性可学,yes,现行正式教学兼容规则：所有宝可梦可学,yes,现行正式教学兼容规则：所有宝可梦可学,no,现行正式教学兼容规则：火或草属性可学,no,现行正式教学兼容规则：水或电属性可学,no,不具备：melee and bulk < 220（当前射程近战、体格345、最高双攻130、速度40）,no,不具备：ranged and speed >= 70（当前射程近战、体格345、最高双攻130、速度40）,yes,近战且体格345≥220：高质量受击反击职责,no,不具备：ranged and speed < 70（当前射程近战、体格345、最高双攻130、速度40）,yes,最高双攻130≥100：稀有终结窗口,yes,体格345≥260：重装阵型爆发,no,不具备：200 <= bulk < 260 and speed <= 70（当前射程近战、体格345、最高双攻130、速度40）,no,不具备：speed >= 100（当前射程近战、体格345、最高双攻130、速度40）
116,墨海马,1,ranged,170,70,60,rally,no,现行正式教学兼容规则：草、火、虫、一般、格斗或钢属性可学,yes,现行正式教学兼容规则：水属性可学,yes,现行正式教学兼容规则：所有宝可梦可学,yes,现行正式教学兼容规则：所有宝可梦可学,no,现行正式教学兼容规则：火或草属性可学,yes,现行正式教学兼容规则：水或电属性可学,no,不具备：melee and bulk < 220（当前射程远程、体格170、最高双攻70、速度60）,no,不具备：ranged and speed >= 70（当前射程远程、体格170、最高双攻70、速度60）,no,不具备：melee and bulk >= 220（当前射程远程、体格170、最高双攻70、速度60）,yes,远程且速度60<70：慢速指挥职责,no,不具备：max attack/special attack >= 100（当前射程远程、体格170、最高双攻70、速度60）,no,不具备：bulk >= 260（当前射程远程、体格170、最高双攻70、速度60）,no,不具备：200 <= bulk < 260 and speed <= 70（当前射程远程、体格170、最高双攻70、速度60）,no,不具备：speed >= 100（当前射程远程、体格170、最高双攻70、速度60）
117,海刺龙,2,ranged,245,95,85,suppression,no,现行正式教学兼容规则：草、火、虫、一般、格斗或钢属性可学,yes,现行正式教学兼容规则：水属性可学,yes,现行正式教学兼容规则：所有宝可梦可学,yes,现行正式教学兼容规则：所有宝可梦可学,no,现行正式教学兼容规则：火或草属性可学,yes,现行正式教学兼容规则：水或电属性可学,no,不具备：melee and bulk < 220（当前射程远程、体格245、最高双攻95、速度85）,yes,远程且速度85≥70：远程压启动职责,no,不具备：melee and bulk >= 220（当前射程远程、体格245、最高双攻95、速度85）,no,不具备：ranged and speed < 70（当前射程远程、体格245、最高双攻95、速度85）,no,不具备：max attack/special attack >= 100（当前射程远程、体格245、最高双攻95、速度85）,no,不具备：bulk >= 260（当前射程远程、体格245、最高双攻95、速度85）,no,不具备：200 <= bulk < 260 and speed <= 70（当前射程远程、体格245、最高双攻95、速度85）,no,不具备：speed >= 100（当前射程远程、体格245、最高双攻95、速度85）
120,海星星,1,ranged,140,70,85,suppression,no,现行正式教学兼容规则：草、火、虫、一般、格斗或钢属性可学,yes,现行正式教学兼容规则：水属性可学,yes,现行正式教学兼容规则：所有宝可梦可学,yes,现行正式教学兼容规则：所有宝可梦可学,no,现行正式教学兼容规则：火或草属性可学,yes,现行正式教学兼容规则：水或电属性可学,no,不具备：melee and bulk < 220（当前射程远程、体格140、最高双攻70、速度85）,yes,远程且速度85≥70：远程压启动职责,no,不具备：melee and bulk >= 220（当前射程远程、体格140、最高双攻70、速度85）,no,不具备：ranged and speed < 70（当前射程远程、体格140、最高双攻70、速度85）,no,不具备：max attack/special attack >= 100（当前射程远程、体格140、最高双攻70、速度85）,no,不具备：bulk >= 260（当前射程远程、体格140、最高双攻70、速度85）,no,不具备：200 <= bulk < 260 and speed <= 70（当前射程远程、体格140、最高双攻70、速度85）,no,不具备：speed >= 100（当前射程远程、体格140、最高双攻70、速度85）
121,宝石海星,3,ranged,230,100,115,suppression,no,现行正式教学兼容规则：草、火、虫、一般、格斗或钢属性可学,yes,现行正式教学兼容规则：水属性可学,yes,现行正式教学兼容规则：所有宝可梦可学,yes,现行正式教学兼容规则：所有宝可梦可学,no,现行正式教学兼容规则：火或草属性可学,yes,现行正式教学兼容规则：水或电属性可学,no,不具备：melee and bulk < 220（当前射程远程、体格230、最高双攻100、速度115）,yes,远程且速度115≥70：远程压启动职责,no,不具备：melee and bulk >= 220（当前射程远程、体格230、最高双攻100、速度115）,no,不具备：ranged and speed < 70（当前射程远程、体格230、最高双攻100、速度115）,yes,最高双攻100≥100：稀有终结窗口,no,不具备：bulk >= 260（当前射程远程、体格230、最高双攻100、速度115）,no,不具备：200 <= bulk < 260 and speed <= 70（当前射程远程、体格230、最高双攻100、速度115）,yes,速度115≥100：稀有心律截断
123,飞天螳螂,3,melee,230,110,105,counter,yes,现行正式教学兼容规则：草、火、虫、一般、格斗或钢属性可学,no,现行正式教学兼容规则：水属性可学,yes,现行正式教学兼容规则：所有宝可梦可学,yes,现行正式教学兼容规则：所有宝可梦可学,no,现行正式教学兼容规则：火或草属性可学,no,现行正式教学兼容规则：水或电属性可学,no,不具备：melee and bulk < 220（当前射程近战、体格230、最高双攻110、速度105）,no,不具备：ranged and speed >= 70（当前射程近战、体格230、最高双攻110、速度105）,yes,近战且体格230≥220：高质量受击反击职责,no,不具备：ranged and speed < 70（当前射程近战、体格230、最高双攻110、速度105）,yes,最高双攻110≥100：稀有终结窗口,no,不具备：bulk >= 260（当前射程近战、体格230、最高双攻110、速度105）,no,不具备：200 <= bulk < 260 and speed <= 70（当前射程近战、体格230、最高双攻110、速度105）,yes,速度105≥100：稀有心律截断
129,鲤鱼王,1,ranged,130,15,80,suppression,no,现行正式教学兼容规则：草、火、虫、一般、格斗或钢属性可学,yes,现行正式教学兼容规则：水属性可学,yes,现行正式教学兼容规则：所有宝可梦可学,yes,现行正式教学兼容规则：所有宝可梦可学,no,现行正式教学兼容规则：火或草属性可学,yes,现行正式教学兼容规则：水或电属性可学,no,不具备：melee and bulk < 220（当前射程远程、体格130、最高双攻15、速度80）,yes,远程且速度80≥70：远程压启动职责,no,不具备：melee and bulk >= 220（当前射程远程、体格130、最高双攻15、速度80）,no,不具备：ranged and speed < 70（当前射程远程、体格130、最高双攻15、速度80）,no,不具备：max attack/special attack >= 100（当前射程远程、体格130、最高双攻15、速度80）,no,不具备：bulk >= 260（当前射程远程、体格130、最高双攻15、速度80）,no,不具备：200 <= bulk < 260 and speed <= 70（当前射程远程、体格130、最高双攻15、速度80）,no,不具备：speed >= 100（当前射程远程、体格130、最高双攻15、速度80）
130,暴鲤龙,3,melee,253,125,81,counter,no,现行正式教学兼容规则：草、火、虫、一般、格斗或钢属性可学,yes,现行正式教学兼容规则：水属性可学,yes,现行正式教学兼容规则：所有宝可梦可学,yes,现行正式教学兼容规则：所有宝可梦可学,no,现行正式教学兼容规则：火或草属性可学,yes,现行正式教学兼容规则：水或电属性可学,no,不具备：melee and bulk < 220（当前射程近战、体格253、最高双攻125、速度81）,no,不具备：ranged and speed >= 70（当前射程近战、体格253、最高双攻125、速度81）,yes,近战且体格253≥220：高质量受击反击职责,no,不具备：ranged and speed < 70（当前射程近战、体格253、最高双攻125、速度81）,yes,最高双攻125≥100：稀有终结窗口,no,不具备：bulk >= 260（当前射程近战、体格253、最高双攻125、速度81）,no,不具备：200 <= bulk < 260 and speed <= 70（当前射程近战、体格253、最高双攻125、速度81）,no,不具备：speed >= 100（当前射程近战、体格253、最高双攻125、速度81）
131,拉普拉斯,3,melee,290,85,60,counter,no,现行正式教学兼容规则：草、火、虫、一般、格斗或钢属性可学,yes,现行正式教学兼容规则：水属性可学,yes,现行正式教学兼容规则：所有宝可梦可学,yes,现行正式教学兼容规则：所有宝可梦可学,no,现行正式教学兼容规则：火或草属性可学,yes,现行正式教学兼容规则：水或电属性可学,no,不具备：melee and bulk < 220（当前射程近战、体格290、最高双攻85、速度60）,no,不具备：ranged and speed >= 70（当前射程近战、体格290、最高双攻85、速度60）,yes,近战且体格290≥220：高质量受击反击职责,no,不具备：ranged and speed < 70（当前射程近战、体格290、最高双攻85、速度60）,no,不具备：max attack/special attack >= 100（当前射程近战、体格290、最高双攻85、速度60）,yes,体格290≥260：重装阵型爆发,no,不具备：200 <= bulk < 260 and speed <= 70（当前射程近战、体格290、最高双攻85、速度60）,no,不具备：speed >= 100（当前射程近战、体格290、最高双攻85、速度60）
133,伊布,1,melee,155,55,55,breakthrough,yes,现行正式教学兼容规则：草、火、虫、一般、格斗或钢属性可学,no,现行正式教学兼容规则：水属性可学,yes,现行正式教学兼容规则：所有宝可梦可学,yes,现行正式教学兼容规则：所有宝可梦可学,no,现行正式教学兼容规则：火或草属性可学,no,现行正式教学兼容规则：水或电属性可学,yes,近战且体格155<220：低体格贴身突破职责,no,不具备：ranged and speed >= 70（当前射程近战、体格155、最高双攻55、速度55）,no,不具备：melee and bulk >= 220（当前射程近战、体格155、最高双攻55、速度55）,no,不具备：ranged and speed < 70（当前射程近战、体格155、最高双攻55、速度55）,no,不具备：max attack/special attack >= 100（当前射程近战、体格155、最高双攻55、速度55）,no,不具备：bulk >= 260（当前射程近战、体格155、最高双攻55、速度55）,no,不具备：200 <= bulk < 260 and speed <= 70（当前射程近战、体格155、最高双攻55、速度55）,no,不具备：speed >= 100（当前射程近战、体格155、最高双攻55、速度55）
134,水伊布,3,ranged,250,110,65,rally,no,现行正式教学兼容规则：草、火、虫、一般、格斗或钢属性可学,yes,现行正式教学兼容规则：水属性可学,yes,现行正式教学兼容规则：所有宝可梦可学,yes,现行正式教学兼容规则：所有宝可梦可学,no,现行正式教学兼容规则：火或草属性可学,yes,现行正式教学兼容规则：水或电属性可学,no,不具备：melee and bulk < 220（当前射程远程、体格250、最高双攻110、速度65）,no,不具备：ranged and speed >= 70（当前射程远程、体格250、最高双攻110、速度65）,no,不具备：melee and bulk >= 220（当前射程远程、体格250、最高双攻110、速度65）,yes,远程且速度65<70：慢速指挥职责,yes,最高双攻110≥100：稀有终结窗口,no,不具备：bulk >= 260（当前射程远程、体格250、最高双攻110、速度65）,yes,体格250在200–259且速度65≤70：稳态救援,no,不具备：speed >= 100（当前射程远程、体格250、最高双攻110、速度65）
135,雷伊布,3,ranged,185,110,130,suppression,no,现行正式教学兼容规则：草、火、虫、一般、格斗或钢属性可学,no,现行正式教学兼容规则：水属性可学,yes,现行正式教学兼容规则：所有宝可梦可学,yes,现行正式教学兼容规则：所有宝可梦可学,no,现行正式教学兼容规则：火或草属性可学,yes,现行正式教学兼容规则：水或电属性可学,no,不具备：melee and bulk < 220（当前射程远程、体格185、最高双攻110、速度130）,yes,远程且速度130≥70：远程压启动职责,no,不具备：melee and bulk >= 220（当前射程远程、体格185、最高双攻110、速度130）,no,不具备：ranged and speed < 70（当前射程远程、体格185、最高双攻110、速度130）,yes,最高双攻110≥100：稀有终结窗口,no,不具备：bulk >= 260（当前射程远程、体格185、最高双攻110、速度130）,no,不具备：200 <= bulk < 260 and speed <= 70（当前射程远程、体格185、最高双攻110、速度130）,yes,速度130≥100：稀有心律截断
136,火伊布,3,melee,185,130,65,breakthrough,yes,现行正式教学兼容规则：草、火、虫、一般、格斗或钢属性可学,no,现行正式教学兼容规则：水属性可学,yes,现行正式教学兼容规则：所有宝可梦可学,yes,现行正式教学兼容规则：所有宝可梦可学,yes,现行正式教学兼容规则：火或草属性可学,no,现行正式教学兼容规则：水或电属性可学,yes,近战且体格185<220：低体格贴身突破职责,no,不具备：ranged and speed >= 70（当前射程近战、体格185、最高双攻130、速度65）,no,不具备：melee and bulk >= 220（当前射程近战、体格185、最高双攻130、速度65）,no,不具备：ranged and speed < 70（当前射程近战、体格185、最高双攻130、速度65）,yes,最高双攻130≥100：稀有终结窗口,no,不具备：bulk >= 260（当前射程近战、体格185、最高双攻130、速度65）,no,不具备：200 <= bulk < 260 and speed <= 70（当前射程近战、体格185、最高双攻130、速度65）,no,不具备：speed >= 100（当前射程近战、体格185、最高双攻130、速度65）
143,卡比兽,3,melee,290,110,30,counter,yes,现行正式教学兼容规则：草、火、虫、一般、格斗或钢属性可学,no,现行正式教学兼容规则：水属性可学,yes,现行正式教学兼容规则：所有宝可梦可学,yes,现行正式教学兼容规则：所有宝可梦可学,no,现行正式教学兼容规则：火或草属性可学,no,现行正式教学兼容规则：水或电属性可学,no,不具备：melee and bulk < 220（当前射程近战、体格290、最高双攻110、速度30）,no,不具备：ranged and speed >= 70（当前射程近战、体格290、最高双攻110、速度30）,yes,近战且体格290≥220：高质量受击反击职责,no,不具备：ranged and speed < 70（当前射程近战、体格290、最高双攻110、速度30）,yes,最高双攻110≥100：稀有终结窗口,yes,体格290≥260：重装阵型爆发,no,不具备：200 <= bulk < 260 and speed <= 70（当前射程近战、体格290、最高双攻110、速度30）,no,不具备：speed >= 100（当前射程近战、体格290、最高双攻110、速度30）
147,迷你龙,1,melee,131,64,50,breakthrough,no,现行正式教学兼容规则：草、火、虫、一般、格斗或钢属性可学,no,现行正式教学兼容规则：水属性可学,yes,现行正式教学兼容规则：所有宝可梦可学,yes,现行正式教学兼容规则：所有宝可梦可学,no,现行正式教学兼容规则：火或草属性可学,no,现行正式教学兼容规则：水或电属性可学,yes,近战且体格131<220：低体格贴身突破职责,no,不具备：ranged and speed >= 70（当前射程近战、体格131、最高双攻64、速度50）,no,不具备：melee and bulk >= 220（当前射程近战、体格131、最高双攻64、速度50）,no,不具备：ranged and speed < 70（当前射程近战、体格131、最高双攻64、速度50）,no,不具备：max attack/special attack >= 100（当前射程近战、体格131、最高双攻64、速度50）,no,不具备：bulk >= 260（当前射程近战、体格131、最高双攻64、速度50）,no,不具备：200 <= bulk < 260 and speed <= 70（当前射程近战、体格131、最高双攻64、速度50）,no,不具备：speed >= 100（当前射程近战、体格131、最高双攻64、速度50）
148,哈克龙,2,melee,191,84,70,breakthrough,no,现行正式教学兼容规则：草、火、虫、一般、格斗或钢属性可学,no,现行正式教学兼容规则：水属性可学,yes,现行正式教学兼容规则：所有宝可梦可学,yes,现行正式教学兼容规则：所有宝可梦可学,no,现行正式教学兼容规则：火或草属性可学,no,现行正式教学兼容规则：水或电属性可学,yes,近战且体格191<220：低体格贴身突破职责,no,不具备：ranged and speed >= 70（当前射程近战、体格191、最高双攻84、速度70）,no,不具备：melee and bulk >= 220（当前射程近战、体格191、最高双攻84、速度70）,no,不具备：ranged and speed < 70（当前射程近战、体格191、最高双攻84、速度70）,no,不具备：max attack/special attack >= 100（当前射程近战、体格191、最高双攻84、速度70）,no,不具备：bulk >= 260（当前射程近战、体格191、最高双攻84、速度70）,no,不具备：200 <= bulk < 260 and speed <= 70（当前射程近战、体格191、最高双攻84、速度70）,no,不具备：speed >= 100（当前射程近战、体格191、最高双攻84、速度70）
149,快龙,3,melee,281,134,80,counter,no,现行正式教学兼容规则：草、火、虫、一般、格斗或钢属性可学,no,现行正式教学兼容规则：水属性可学,yes,现行正式教学兼容规则：所有宝可梦可学,yes,现行正式教学兼容规则：所有宝可梦可学,no,现行正式教学兼容规则：火或草属性可学,no,现行正式教学兼容规则：水或电属性可学,no,不具备：melee and bulk < 220（当前射程近战、体格281、最高双攻134、速度80）,no,不具备：ranged and speed >= 70（当前射程近战、体格281、最高双攻134、速度80）,yes,近战且体格281≥220：高质量受击反击职责,no,不具备：ranged and speed < 70（当前射程近战、体格281、最高双攻134、速度80）,yes,最高双攻134≥100：稀有终结窗口,yes,体格281≥260：重装阵型爆发,no,不具备：200 <= bulk < 260 and speed <= 70（当前射程近战、体格281、最高双攻134、速度80）,no,不具备：speed >= 100（当前射程近战、体格281、最高双攻134、速度80）
