candidate,garden,battery,dive,disrupt,ghost_guard_active,sun,sun_control,rain,rain_garden,disrupt_healing_needle,disrupt_reversed_rows
garden,,1.00,0.29,0.87,1.00,0.99,0.83,0.99,0.33,0.71,0.43
battery,0.00,,0.00,0.95,0.26,0.40,0.98,0.27,0.00,0.97,0.97
dive,0.71,1.00,,0.76,0.22,1.00,0.73,0.88,0.77,0.97,1.00
disrupt,0.13,0.05,0.24,,0.64,0.21,0.11,0.65,0.07,0.66,0.02
ghost_guard_active,0.00,0.74,0.78,0.36,,0.00,0.42,0.28,0.00,0.24,0.68
sun,0.01,0.60,0.00,0.79,1.00,,0.37,0.54,0.01,0.78,1.00
sun_control,0.17,0.02,0.27,0.89,0.58,0.63,,0.54,0.17,0.98,0.52
rain,0.01,0.73,0.12,0.35,0.72,0.46,0.46,,0.00,0.83,0.63
rain_garden,0.67,1.00,0.23,0.93,1.00,0.99,0.83,1.00,,0.72,0.66
disrupt_healing_needle,0.29,0.03,0.03,0.34,0.76,0.22,0.02,0.17,0.28,,0.19
disrupt_reversed_rows,0.57,0.03,0.00,0.98,0.32,0.00,0.48,0.37,0.34,0.81,
