page,path,frames,foreground_min,foreground_median,sprite_min,sprite_median,anomalies
per-unit-2026-10-04,6/dummy/idle,8,4442,4586.0,665,692.0,[]
per-unit-2026-10-04,6/dummy/walk,4,4399,4500.5,649,673.5,[]
per-unit-2026-10-04,6/dummy/windup,3,4527,4545,670,670,[]
per-unit-2026-10-04,6/dummy/strike,5,4466,4584,667,694,[]
per-unit-2026-10-04,6/dummy/hit,3,5008,5010,684,692,[]
per-unit-2026-10-04,6/dummy/death,6,3640,4057.0,123,359.0,"[{""frame"": 1, ""category"": ""design_intent"", ""reasons"": [""foreground_jump""], ""intent"": ""death_pose""}, {""frame"": 2, ""category"": ""design_intent"", ""reasons"": [""sprite_jump""], ""intent"": ""authored_dissolve""}, {""frame"": 3, ""category"": ""design_intent"", ""reasons"": [""sprite_jump""], ""intent"": ""authored_dissolve""}, {""frame"": 4, ""category"": ""design_intent"", ""reasons"": [""low_sprite"", ""sprite_jump""], ""intent"": ""authored_dissolve""}, {""frame"": 5, ""category"": ""design_intent"", ""reasons"": [""low_sprite""], ""intent"": ""authored_dissolve""}]"
per-unit-2026-10-04,6/dummy/skill,9,4840,6771,667,672,"[{""frame"": 3, ""category"": ""design_intent"", ""reasons"": [""foreground_jump""], ""intent"": ""effect_phase_transition""}, {""frame"": 4, ""category"": ""design_intent"", ""reasons"": [""foreground_jump""], ""intent"": ""effect_phase_transition""}, {""frame"": 5, ""category"": ""design_intent"", ""reasons"": [""foreground_jump""], ""intent"": ""effect_phase_transition""}]"
per-unit-2026-10-04,6/melee/idle,8,4606,4611.0,665,692.0,[]
per-unit-2026-10-04,6/melee/walk,4,4417,4500.0,649,673.5,[]
per-unit-2026-10-04,6/melee/windup,3,4452,4488,670,670,[]
per-unit-2026-10-04,6/melee/strike,5,4499,4520,667,694,[]
per-unit-2026-10-04,6/melee/hit,3,5063,5102,684,692,[]
per-unit-2026-10-04,6/melee/death,6,3826,4143.5,123,359.0,"[{""frame"": 1, ""category"": ""design_intent"", ""reasons"": [""foreground_jump""], ""intent"": ""death_pose""}, {""frame"": 2, ""category"": ""design_intent"", ""reasons"": [""sprite_jump""], ""intent"": ""authored_dissolve""}, {""frame"": 3, ""category"": ""design_intent"", ""reasons"": [""sprite_jump""], ""intent"": ""authored_dissolve""}, {""frame"": 4, ""category"": ""design_intent"", ""reasons"": [""low_sprite"", ""sprite_jump""], ""intent"": ""authored_dissolve""}, {""frame"": 5, ""category"": ""design_intent"", ""reasons"": [""low_sprite""], ""intent"": ""authored_dissolve""}]"
per-unit-2026-10-04,6/melee/skill,9,4543,6468,662,673,"[{""frame"": 3, ""category"": ""design_intent"", ""reasons"": [""foreground_jump""], ""intent"": ""effect_phase_transition""}, {""frame"": 4, ""category"": ""design_intent"", ""reasons"": [""foreground_jump""], ""intent"": ""effect_phase_transition""}, {""frame"": 5, ""category"": ""design_intent"", ""reasons"": [""foreground_jump""], ""intent"": ""effect_phase_transition""}]"
per-unit-2026-10-04,6/ranged/idle,8,4431,4451.0,665,692.0,[]
per-unit-2026-10-04,6/ranged/walk,4,4348,4382.5,649,673.5,[]
per-unit-2026-10-04,6/ranged/windup,3,4577,4586,670,670,[]
per-unit-2026-10-04,6/ranged/strike,5,4615,4621,667,694,[]
per-unit-2026-10-04,6/ranged/hit,3,5365,5425,672,692,[]
per-unit-2026-10-04,6/ranged/death,6,3937,4201.5,123,359.0,"[{""frame"": 1, ""category"": ""design_intent"", ""reasons"": [""foreground_jump""], ""intent"": ""death_pose""}, {""frame"": 2, ""category"": ""design_intent"", ""reasons"": [""sprite_jump""], ""intent"": ""authored_dissolve""}, {""frame"": 3, ""category"": ""design_intent"", ""reasons"": [""sprite_jump""], ""intent"": ""authored_dissolve""}, {""frame"": 4, ""category"": ""design_intent"", ""reasons"": [""low_sprite"", ""sprite_jump""], ""intent"": ""authored_dissolve""}, {""frame"": 5, ""category"": ""design_intent"", ""reasons"": [""low_sprite""], ""intent"": ""authored_dissolve""}]"
per-unit-2026-10-04,6/ranged/skill,9,6212,10049,662,672,"[{""frame"": 3, ""category"": ""design_intent"", ""reasons"": [""foreground_jump""], ""intent"": ""effect_phase_transition""}, {""frame"": 4, ""category"": ""design_intent"", ""reasons"": [""foreground_jump""], ""intent"": ""effect_phase_transition""}, {""frame"": 5, ""category"": ""design_intent"", ""reasons"": [""foreground_jump""], ""intent"": ""effect_phase_transition""}, {""frame"": 8, ""category"": ""design_intent"", ""reasons"": [""foreground_jump""], ""intent"": ""effect_phase_transition""}]"
per-unit-2026-10-04,65/dummy/idle,8,4324,4473.5,541,556.0,[]
per-unit-2026-10-04,65/dummy/walk,4,4313,4413.0,541,548.5,[]
per-unit-2026-10-04,65/dummy/windup,4,4429,4465.5,545,547.0,[]
per-unit-2026-10-04,65/dummy/strike,5,4331,4476,541,554,[]
per-unit-2026-10-04,65/dummy/hit,3,4883,4890,541,549,[]
per-unit-2026-10-04,65/dummy/death,6,3614,3996.0,96,300.0,"[{""frame"": 1, ""category"": ""design_intent"", ""reasons"": [""foreground_jump"", ""sprite_jump""], ""intent"": ""authored_dissolve""}, {""frame"": 3, ""category"": ""design_intent"", ""reasons"": [""sprite_jump""], ""intent"": ""authored_dissolve""}, {""frame"": 4, ""category"": ""design_intent"", ""reasons"": [""low_sprite"", ""sprite_jump""], ""intent"": ""authored_dissolve""}, {""frame"": 5, ""category"": ""design_intent"", ""reasons"": [""low_sprite""], ""intent"": ""authored_dissolve""}]"
per-unit-2026-10-04,65/dummy/skill,10,4927,5832.5,541,547.0,"[{""frame"": 4, ""category"": ""design_intent"", ""reasons"": [""foreground_jump""], ""intent"": ""effect_phase_transition""}, {""frame"": 5, ""category"": ""design_intent"", ""reasons"": [""foreground_jump""], ""intent"": ""effect_phase_transition""}, {""frame"": 6, ""category"": ""design_intent"", ""reasons"": [""foreground_jump""], ""intent"": ""effect_phase_transition""}]"
per-unit-2026-10-04,65/melee/idle,8,4477,4496.5,541,556.0,[]
per-unit-2026-10-04,65/melee/walk,4,4314,4421.0,541,548.5,[]
per-unit-2026-10-04,65/melee/windup,4,4354,4433.5,545,547.0,[]
per-unit-2026-10-04,65/melee/strike,5,4283,4400,541,554,[]
per-unit-2026-10-04,65/melee/hit,3,4829,5012,541,549,[]
per-unit-2026-10-04,65/melee/death,6,3635,3925.0,96,300.0,"[{""frame"": 1, ""category"": ""design_intent"", ""reasons"": [""foreground_jump"", ""sprite_jump""], ""intent"": ""authored_dissolve""}, {""frame"": 3, ""category"": ""design_intent"", ""reasons"": [""sprite_jump""], ""intent"": ""authored_dissolve""}, {""frame"": 4, ""category"": ""design_intent"", ""reasons"": [""low_sprite"", ""sprite_jump""], ""intent"": ""authored_dissolve""}, {""frame"": 5, ""category"": ""design_intent"", ""reasons"": [""low_sprite""], ""intent"": ""authored_dissolve""}]"
per-unit-2026-10-04,65/melee/skill,10,5116,6326.5,541,547.0,"[{""frame"": 4, ""category"": ""design_intent"", ""reasons"": [""foreground_jump""], ""intent"": ""effect_phase_transition""}, {""frame"": 5, ""category"": ""design_intent"", ""reasons"": [""foreground_jump""], ""intent"": ""effect_phase_transition""}, {""frame"": 6, ""category"": ""design_intent"", ""reasons"": [""foreground_jump""], ""intent"": ""effect_phase_transition""}]"
per-unit-2026-10-04,65/ranged/idle,8,4319,4333.5,541,556.0,[]
per-unit-2026-10-04,65/ranged/walk,4,4274,4289.0,541,548.5,[]
per-unit-2026-10-04,65/ranged/windup,4,4479,4483.0,545,547.0,[]
per-unit-2026-10-04,65/ranged/strike,5,4500,4528,541,554,[]
per-unit-2026-10-04,65/ranged/hit,3,5280,5327,538,546,[]
per-unit-2026-10-04,65/ranged/death,6,3911,4140.5,96,300.0,"[{""frame"": 1, ""category"": ""design_intent"", ""reasons"": [""foreground_jump"", ""sprite_jump""], ""intent"": ""authored_dissolve""}, {""frame"": 3, ""category"": ""design_intent"", ""reasons"": [""sprite_jump""], ""intent"": ""authored_dissolve""}, {""frame"": 4, ""category"": ""design_intent"", ""reasons"": [""low_sprite"", ""sprite_jump""], ""intent"": ""authored_dissolve""}, {""frame"": 5, ""category"": ""design_intent"", ""reasons"": [""low_sprite""], ""intent"": ""authored_dissolve""}]"
per-unit-2026-10-04,65/ranged/skill,10,5759,7262.5,0,162.5,"[{""frame"": 1, ""category"": ""design_intent"", ""reasons"": [""foreground_jump""], ""intent"": ""death_pose""}, {""frame"": 2, ""category"": ""design_intent"", ""reasons"": [""foreground_jump"", ""sprite_jump""], ""intent"": ""authored_dissolve""}, {""frame"": 4, ""category"": ""design_intent"", ""reasons"": [""foreground_jump"", ""sprite_jump""], ""intent"": ""authored_dissolve""}, {""frame"": 5, ""category"": ""design_intent"", ""reasons"": [""sprite_jump""], ""intent"": ""authored_dissolve""}, {""frame"": 6, ""category"": ""design_intent"", ""reasons"": [""foreground_jump""], ""intent"": ""authored_dissolve""}, {""frame"": 7, ""category"": ""design_intent"", ""reasons"": [""foreground_jump"", ""low_sprite"", ""sprite_jump""], ""intent"": ""death_removed""}, {""frame"": 8, ""category"": ""design_intent"", ""reasons"": [""low_sprite""], ""intent"": ""death_removed""}, {""frame"": 9, ""category"": ""design_intent"", ""reasons"": [""low_sprite""], ""intent"": ""death_removed""}]"
per-unit-2026-10-04,143/dummy/idle,16,4354,4546.0,633,661.0,[]
per-unit-2026-10-04,143/dummy/walk,5,4424,4526,619,627,[]
per-unit-2026-10-04,143/dummy/windup,4,4492,4539.0,621,654.0,[]
per-unit-2026-10-04,143/dummy/strike,6,4699,4740.0,593,631.5,[]
per-unit-2026-10-04,143/dummy/hit,3,5141,5307,650,650,[]
per-unit-2026-10-04,143/dummy/death,6,3638,4058.5,75,356.0,"[{""frame"": 1, ""category"": ""design_intent"", ""reasons"": [""foreground_jump""], ""intent"": ""death_pose""}, {""frame"": 2, ""category"": ""design_intent"", ""reasons"": [""sprite_jump""], ""intent"": ""authored_dissolve""}, {""frame"": 4, ""category"": ""design_intent"", ""reasons"": [""sprite_jump""], ""intent"": ""authored_dissolve""}, {""frame"": 5, ""category"": ""design_intent"", ""reasons"": [""low_sprite""], ""intent"": ""authored_dissolve""}]"
per-unit-2026-10-04,143/dummy/skill,10,4523,6078.5,593,642.5,"[{""frame"": 4, ""category"": ""design_intent"", ""reasons"": [""foreground_jump""], ""intent"": ""effect_phase_transition""}, {""frame"": 5, ""category"": ""design_intent"", ""reasons"": [""foreground_jump""], ""intent"": ""effect_phase_transition""}, {""frame"": 6, ""category"": ""design_intent"", ""reasons"": [""foreground_jump""], ""intent"": ""effect_phase_transition""}]"
per-unit-2026-10-04,143/melee/idle,16,4409,4605.0,633,661.0,[]
per-unit-2026-10-04,143/melee/walk,5,4324,4412,619,627,[]
per-unit-2026-10-04,143/melee/windup,4,4274,4374.5,621,654.0,[]
per-unit-2026-10-04,143/melee/strike,6,4608,4856.0,593,631.5,[]
per-unit-2026-10-04,143/melee/hit,3,5160,5278,633,661,[]
per-unit-2026-10-04,143/melee/death,6,3629,4080.0,75,356.0,"[{""frame"": 1, ""category"": ""design_intent"", ""reasons"": [""foreground_jump""], ""intent"": ""death_pose""}, {""frame"": 2, ""category"": ""design_intent"", ""reasons"": [""sprite_jump""], ""intent"": ""authored_dissolve""}, {""frame"": 4, ""category"": ""design_intent"", ""reasons"": [""sprite_jump""], ""intent"": ""authored_dissolve""}, {""frame"": 5, ""category"": ""design_intent"", ""reasons"": [""low_sprite""], ""intent"": ""authored_dissolve""}]"
per-unit-2026-10-04,143/melee/skill,10,5544,13533.5,593,627.5,"[{""frame"": 0, ""category"": ""design_intent"", ""reasons"": [""low_foreground""], ""intent"": ""effect_phase_transition""}, {""frame"": 1, ""category"": ""design_intent"", ""reasons"": [""low_foreground""], ""intent"": ""effect_phase_transition""}, {""frame"": 2, ""category"": ""design_intent"", ""reasons"": [""foreground_jump""], ""intent"": ""effect_phase_transition""}, {""frame"": 3, ""category"": ""design_intent"", ""reasons"": [""foreground_jump""], ""intent"": ""effect_phase_transition""}, {""frame"": 4, ""category"": ""design_intent"", ""reasons"": [""foreground_jump""], ""intent"": ""effect_phase_transition""}, {""frame"": 5, ""category"": ""design_intent"", ""reasons"": [""foreground_jump""], ""intent"": ""effect_phase_transition""}, {""frame"": 6, ""category"": ""design_intent"", ""reasons"": [""foreground_jump""], ""intent"": ""effect_phase_transition""}, {""frame"": 7, ""category"": ""design_intent"", ""reasons"": [""foreground_jump""], ""intent"": ""effect_phase_transition""}, {""frame"": 8, ""category"": ""design_intent"", ""reasons"": [""foreground_jump""], ""intent"": ""effect_phase_transition""}]"
per-unit-2026-10-04,143/ranged/idle,16,4391,4455.0,633,661.0,[]
per-unit-2026-10-04,143/ranged/walk,5,4312,4385,619,627,[]
per-unit-2026-10-04,143/ranged/windup,4,4248,4302.5,621,654.0,[]
per-unit-2026-10-04,143/ranged/strike,6,4416,4661.5,593,631.5,[]
per-unit-2026-10-04,143/ranged/hit,3,5305,5453,633,661,[]
per-unit-2026-10-04,143/ranged/death,6,3883,4201.5,75,356.0,"[{""frame"": 1, ""category"": ""design_intent"", ""reasons"": [""foreground_jump""], ""intent"": ""death_pose""}, {""frame"": 2, ""category"": ""design_intent"", ""reasons"": [""sprite_jump""], ""intent"": ""authored_dissolve""}, {""frame"": 4, ""category"": ""design_intent"", ""reasons"": [""sprite_jump""], ""intent"": ""authored_dissolve""}, {""frame"": 5, ""category"": ""design_intent"", ""reasons"": [""low_sprite""], ""intent"": ""authored_dissolve""}]"
per-unit-2026-10-04,143/ranged/skill,10,5494,7028.5,593,637.5,"[{""frame"": 4, ""category"": ""design_intent"", ""reasons"": [""foreground_jump""], ""intent"": ""effect_phase_transition""}, {""frame"": 5, ""category"": ""design_intent"", ""reasons"": [""foreground_jump""], ""intent"": ""effect_phase_transition""}, {""frame"": 6, ""category"": ""design_intent"", ""reasons"": [""foreground_jump""], ""intent"": ""effect_phase_transition""}]"
per-unit-2026-10-04,149/dummy/idle,8,4372,4519.0,621,629.0,[]
per-unit-2026-10-04,149/dummy/walk,5,4336,4556,596,626,[]
per-unit-2026-10-04,149/dummy/windup,3,4426,4504,585,626,[]
per-unit-2026-10-04,149/dummy/strike,5,4618,4900,588,611,[]
per-unit-2026-10-04,149/dummy/hit,3,5015,5169,621,624,[]
per-unit-2026-10-04,149/dummy/death,6,3620,4034.5,98,330.0,"[{""frame"": 1, ""category"": ""design_intent"", ""reasons"": [""foreground_jump""], ""intent"": ""death_pose""}, {""frame"": 2, ""category"": ""design_intent"", ""reasons"": [""sprite_jump""], ""intent"": ""authored_dissolve""}, {""frame"": 3, ""category"": ""design_intent"", ""reasons"": [""sprite_jump""], ""intent"": ""authored_dissolve""}, {""frame"": 4, ""category"": ""design_intent"", ""reasons"": [""low_sprite"", ""sprite_jump""], ""intent"": ""authored_dissolve""}, {""frame"": 5, ""category"": ""design_intent"", ""reasons"": [""low_sprite""], ""intent"": ""authored_dissolve""}]"
per-unit-2026-10-04,149/dummy/skill,9,4617,5335,585,621,"[{""frame"": 3, ""category"": ""design_intent"", ""reasons"": [""foreground_jump""], ""intent"": ""effect_phase_transition""}, {""frame"": 4, ""category"": ""design_intent"", ""reasons"": [""foreground_jump""], ""intent"": ""effect_phase_transition""}, {""frame"": 5, ""category"": ""design_intent"", ""reasons"": [""foreground_jump""], ""intent"": ""effect_phase_transition""}]"
per-unit-2026-10-04,149/melee/idle,8,4569,4578.0,621,629.0,[]
per-unit-2026-10-04,149/melee/walk,5,4354,4449,596,626,[]
per-unit-2026-10-04,149/melee/windup,3,4288,4298,585,626,[]
per-unit-2026-10-04,149/melee/strike,5,4545,5106,588,611,[]
per-unit-2026-10-04,149/melee/hit,3,5154,5233,625,629,[]
per-unit-2026-10-04,149/melee/death,6,3668,4057.5,98,330.0,"[{""frame"": 1, ""category"": ""design_intent"", ""reasons"": [""foreground_jump""], ""intent"": ""death_pose""}, {""frame"": 2, ""category"": ""design_intent"", ""reasons"": [""sprite_jump""], ""intent"": ""authored_dissolve""}, {""frame"": 3, ""category"": ""design_intent"", ""reasons"": [""sprite_jump""], ""intent"": ""authored_dissolve""}, {""frame"": 4, ""category"": ""design_intent"", ""reasons"": [""low_sprite"", ""sprite_jump""], ""intent"": ""authored_dissolve""}, {""frame"": 5, ""category"": ""design_intent"", ""reasons"": [""low_sprite""], ""intent"": ""authored_dissolve""}]"
per-unit-2026-10-04,149/melee/skill,9,5692,6609,585,624,"[{""frame"": 3, ""category"": ""design_intent"", ""reasons"": [""foreground_jump""], ""intent"": ""effect_phase_transition""}, {""frame"": 4, ""category"": ""design_intent"", ""reasons"": [""foreground_jump""], ""intent"": ""effect_phase_transition""}, {""frame"": 5, ""category"": ""design_intent"", ""reasons"": [""foreground_jump""], ""intent"": ""effect_phase_transition""}]"
per-unit-2026-10-04,149/ranged/idle,8,4401,4415.0,621,629.0,[]
per-unit-2026-10-04,149/ranged/walk,5,4297,4353,596,626,[]
per-unit-2026-10-04,149/ranged/windup,3,4240,4272,585,626,[]
per-unit-2026-10-04,149/ranged/strike,5,4398,4873,588,611,[]
per-unit-2026-10-04,149/ranged/hit,3,5355,5463,621,624,[]
per-unit-2026-10-04,149/ranged/death,6,3917,4179.0,98,330.0,"[{""frame"": 1, ""category"": ""design_intent"", ""reasons"": [""foreground_jump""], ""intent"": ""death_pose""}, {""frame"": 2, ""category"": ""design_intent"", ""reasons"": [""sprite_jump""], ""intent"": ""authored_dissolve""}, {""frame"": 3, ""category"": ""design_intent"", ""reasons"": [""sprite_jump""], ""intent"": ""authored_dissolve""}, {""frame"": 4, ""category"": ""design_intent"", ""reasons"": [""low_sprite"", ""sprite_jump""], ""intent"": ""authored_dissolve""}, {""frame"": 5, ""category"": ""design_intent"", ""reasons"": [""low_sprite""], ""intent"": ""authored_dissolve""}]"
per-unit-2026-10-04,149/ranged/skill,9,7854,14437,585,624,"[{""frame"": 1, ""category"": ""design_intent"", ""reasons"": [""foreground_jump""], ""intent"": ""effect_phase_transition""}, {""frame"": 2, ""category"": ""design_intent"", ""reasons"": [""foreground_jump""], ""intent"": ""effect_phase_transition""}, {""frame"": 3, ""category"": ""design_intent"", ""reasons"": [""foreground_jump""], ""intent"": ""effect_phase_transition""}, {""frame"": 4, ""category"": ""design_intent"", ""reasons"": [""foreground_jump""], ""intent"": ""effect_phase_transition""}, {""frame"": 5, ""category"": ""design_intent"", ""reasons"": [""foreground_jump""], ""intent"": ""effect_phase_transition""}, {""frame"": 6, ""category"": ""design_intent"", ""reasons"": [""foreground_jump""], ""intent"": ""effect_phase_transition""}, {""frame"": 7, ""category"": ""design_intent"", ""reasons"": [""foreground_jump""], ""intent"": ""effect_phase_transition""}]"
per-unit-2026-10-04,9/dummy/idle,8,4479,4635.0,683,709.0,[]
per-unit-2026-10-04,9/dummy/walk,4,4438,4565.0,696,704.5,[]
per-unit-2026-10-04,9/dummy/windup,3,4560,4588,697,706,[]
per-unit-2026-10-04,9/dummy/strike,5,4494,4595,676,707,[]
per-unit-2026-10-04,9/dummy/hit,3,5070,5085,683,709,[]
per-unit-2026-10-04,9/dummy/death,6,3630,4047.0,100,341.5,"[{""frame"": 1, ""category"": ""design_intent"", ""reasons"": [""foreground_jump""], ""intent"": ""death_pose""}, {""frame"": 2, ""category"": ""design_intent"", ""reasons"": [""sprite_jump""], ""intent"": ""authored_dissolve""}, {""frame"": 3, ""category"": ""design_intent"", ""reasons"": [""sprite_jump""], ""intent"": ""authored_dissolve""}, {""frame"": 4, ""category"": ""design_intent"", ""reasons"": [""low_sprite"", ""sprite_jump""], ""intent"": ""authored_dissolve""}, {""frame"": 5, ""category"": ""design_intent"", ""reasons"": [""low_sprite""], ""intent"": ""authored_dissolve""}]"
per-unit-2026-10-04,9/dummy/skill,9,4825,6224,676,707,"[{""frame"": 3, ""category"": ""design_intent"", ""reasons"": [""foreground_jump""], ""intent"": ""effect_phase_transition""}, {""frame"": 5, ""category"": ""design_intent"", ""reasons"": [""foreground_jump""], ""intent"": ""effect_phase_transition""}]"
per-unit-2026-10-04,9/melee/idle,8,4657,4669.0,683,709.0,[]
per-unit-2026-10-04,9/melee/walk,4,4450,4567.5,696,704.5,[]
per-unit-2026-10-04,9/melee/windup,3,4485,4533,697,706,[]
per-unit-2026-10-04,9/melee/strike,5,4535,4546,676,707,[]
per-unit-2026-10-04,9/melee/hit,3,4916,4924,683,698,[]
per-unit-2026-10-04,9/melee/death,6,3499,3899.5,100,341.5,"[{""frame"": 1, ""category"": ""design_intent"", ""reasons"": [""foreground_jump""], ""intent"": ""death_pose""}, {""frame"": 2, ""category"": ""design_intent"", ""reasons"": [""sprite_jump""], ""intent"": ""authored_dissolve""}, {""frame"": 3, ""category"": ""design_intent"", ""reasons"": [""sprite_jump""], ""intent"": ""authored_dissolve""}, {""frame"": 4, ""category"": ""design_intent"", ""reasons"": [""low_sprite"", ""sprite_jump""], ""intent"": ""authored_dissolve""}, {""frame"": 5, ""category"": ""design_intent"", ""reasons"": [""low_sprite""], ""intent"": ""authored_dissolve""}]"
per-unit-2026-10-04,9/melee/skill,9,4966,5764,676,706,"[{""frame"": 3, ""category"": ""design_intent"", ""reasons"": [""foreground_jump""], ""intent"": ""effect_phase_transition""}, {""frame"": 4, ""category"": ""design_intent"", ""reasons"": [""foreground_jump""], ""intent"": ""effect_phase_transition""}, {""frame"": 5, ""category"": ""design_intent"", ""reasons"": [""foreground_jump""], ""intent"": ""effect_phase_transition""}]"
per-unit-2026-10-04,9/ranged/idle,8,4468,4504.5,683,709.0,[]
per-unit-2026-10-04,9/ranged/walk,4,4399,4441.0,696,704.5,[]
per-unit-2026-10-04,9/ranged/windup,3,4610,4629,697,706,[]
per-unit-2026-10-04,9/ranged/strike,5,4633,4655,676,707,[]
per-unit-2026-10-04,9/ranged/hit,3,5403,5493,709,718,[]
per-unit-2026-10-04,9/ranged/death,6,3921,4191.5,100,341.5,"[{""frame"": 1, ""category"": ""design_intent"", ""reasons"": [""foreground_jump""], ""intent"": ""death_pose""}, {""frame"": 2, ""category"": ""design_intent"", ""reasons"": [""sprite_jump""], ""intent"": ""authored_dissolve""}, {""frame"": 3, ""category"": ""design_intent"", ""reasons"": [""sprite_jump""], ""intent"": ""authored_dissolve""}, {""frame"": 4, ""category"": ""design_intent"", ""reasons"": [""low_sprite"", ""sprite_jump""], ""intent"": ""authored_dissolve""}, {""frame"": 5, ""category"": ""design_intent"", ""reasons"": [""low_sprite""], ""intent"": ""authored_dissolve""}]"
per-unit-2026-10-04,9/ranged/skill,9,6528,15419,676,706,"[{""frame"": 0, ""category"": ""design_intent"", ""reasons"": [""low_foreground""], ""intent"": ""effect_phase_transition""}, {""frame"": 1, ""category"": ""design_intent"", ""reasons"": [""low_foreground""], ""intent"": ""effect_phase_transition""}, {""frame"": 2, ""category"": ""design_intent"", ""reasons"": [""foreground_jump""], ""intent"": ""effect_phase_transition""}, {""frame"": 4, ""category"": ""design_intent"", ""reasons"": [""foreground_jump""], ""intent"": ""effect_phase_transition""}, {""frame"": 5, ""category"": ""design_intent"", ""reasons"": [""foreground_jump""], ""intent"": ""effect_phase_transition""}, {""frame"": 7, ""category"": ""design_intent"", ""reasons"": [""foreground_jump""], ""intent"": ""effect_phase_transition""}, {""frame"": 8, ""category"": ""design_intent"", ""reasons"": [""foreground_jump""], ""intent"": ""effect_phase_transition""}]"
per-unit-2026-10-04,3/dummy/idle,8,4590,4667.0,751,767.0,[]
per-unit-2026-10-04,3/dummy/walk,4,4463,4590.0,748,751.5,[]
per-unit-2026-10-04,3/dummy/windup,4,4590,4698.5,752,774.5,[]
per-unit-2026-10-04,3/dummy/strike,5,4471,4637,732,758,[]
per-unit-2026-10-04,3/dummy/hit,3,5084,5174,732,740,[]
per-unit-2026-10-04,3/dummy/death,6,3677,4140.0,102,434.5,"[{""frame"": 1, ""category"": ""design_intent"", ""reasons"": [""foreground_jump""], ""intent"": ""death_pose""}, {""frame"": 2, ""category"": ""design_intent"", ""reasons"": [""sprite_jump""], ""intent"": ""authored_dissolve""}, {""frame"": 4, ""category"": ""design_intent"", ""reasons"": [""sprite_jump""], ""intent"": ""authored_dissolve""}, {""frame"": 5, ""category"": ""design_intent"", ""reasons"": [""low_sprite""], ""intent"": ""authored_dissolve""}]"
per-unit-2026-10-04,3/dummy/skill,10,4984,6554.0,732,760.5,"[{""frame"": 4, ""category"": ""design_intent"", ""reasons"": [""foreground_jump""], ""intent"": ""effect_phase_transition""}, {""frame"": 5, ""category"": ""design_intent"", ""reasons"": [""foreground_jump""], ""intent"": ""effect_phase_transition""}, {""frame"": 6, ""category"": ""design_intent"", ""reasons"": [""foreground_jump""], ""intent"": ""effect_phase_transition""}]"
per-unit-2026-10-04,3/melee/idle,8,4657,4699.0,751,767.0,[]
per-unit-2026-10-04,3/melee/walk,4,4479,4590.5,748,751.5,[]
per-unit-2026-10-04,3/melee/windup,4,4515,4657.5,752,774.5,[]
per-unit-2026-10-04,3/melee/strike,5,4466,4559,732,758,[]
per-unit-2026-10-04,3/melee/hit,3,4936,4972,742,751,[]
per-unit-2026-10-04,3/melee/death,6,3500,3992.5,102,434.5,"[{""frame"": 1, ""category"": ""design_intent"", ""reasons"": [""foreground_jump""], ""intent"": ""death_pose""}, {""frame"": 2, ""category"": ""design_intent"", ""reasons"": [""sprite_jump""], ""intent"": ""authored_dissolve""}, {""frame"": 4, ""category"": ""design_intent"", ""reasons"": [""sprite_jump""], ""intent"": ""authored_dissolve""}, {""frame"": 5, ""category"": ""design_intent"", ""reasons"": [""low_sprite""], ""intent"": ""authored_dissolve""}]"
per-unit-2026-10-04,3/melee/skill,10,4850,6475.5,732,760.5,"[{""frame"": 4, ""category"": ""design_intent"", ""reasons"": [""foreground_jump""], ""intent"": ""effect_phase_transition""}, {""frame"": 5, ""category"": ""design_intent"", ""reasons"": [""foreground_jump""], ""intent"": ""effect_phase_transition""}, {""frame"": 6, ""category"": ""design_intent"", ""reasons"": [""foreground_jump""], ""intent"": ""effect_phase_transition""}]"
per-unit-2026-10-04,3/ranged/idle,8,4497,4541.5,751,767.0,[]
per-unit-2026-10-04,3/ranged/walk,4,4424,4466.0,748,751.5,[]
per-unit-2026-10-04,3/ranged/windup,4,4640,4707.5,752,774.5,[]
per-unit-2026-10-04,3/ranged/strike,5,4640,4716,732,758,[]
per-unit-2026-10-04,3/ranged/hit,3,5395,5540,740,763,[]
per-unit-2026-10-04,3/ranged/death,6,3922,4284.5,102,434.5,"[{""frame"": 1, ""category"": ""design_intent"", ""reasons"": [""foreground_jump""], ""intent"": ""death_pose""}, {""frame"": 2, ""category"": ""design_intent"", ""reasons"": [""sprite_jump""], ""intent"": ""authored_dissolve""}, {""frame"": 4, ""category"": ""design_intent"", ""reasons"": [""sprite_jump""], ""intent"": ""authored_dissolve""}, {""frame"": 5, ""category"": ""design_intent"", ""reasons"": [""low_sprite""], ""intent"": ""authored_dissolve""}]"
per-unit-2026-10-04,3/ranged/skill,10,7068,14726.0,732,760.5,"[{""frame"": 2, ""category"": ""design_intent"", ""reasons"": [""foreground_jump""], ""intent"": ""effect_phase_transition""}, {""frame"": 3, ""category"": ""design_intent"", ""reasons"": [""foreground_jump""], ""intent"": ""effect_phase_transition""}, {""frame"": 4, ""category"": ""design_intent"", ""reasons"": [""foreground_jump""], ""intent"": ""effect_phase_transition""}, {""frame"": 5, ""category"": ""design_intent"", ""reasons"": [""foreground_jump""], ""intent"": ""effect_phase_transition""}, {""frame"": 6, ""category"": ""design_intent"", ""reasons"": [""foreground_jump""], ""intent"": ""effect_phase_transition""}, {""frame"": 7, ""category"": ""design_intent"", ""reasons"": [""foreground_jump""], ""intent"": ""effect_phase_transition""}, {""frame"": 8, ""category"": ""design_intent"", ""reasons"": [""foreground_jump""], ""intent"": ""effect_phase_transition""}, {""frame"": 9, ""category"": ""design_intent"", ""reasons"": [""foreground_jump""], ""intent"": ""effect_phase_transition""}]"
per-unit-2026-10-04,94/dummy/idle,8,4405,4469.0,539,639.0,[]
per-unit-2026-10-04,94/dummy/walk,4,4292,4499.0,543,631.5,[]
per-unit-2026-10-04,94/dummy/windup,3,4469,4576,538,720,[]
per-unit-2026-10-04,94/dummy/strike,5,4298,4581,524,712,[]
per-unit-2026-10-04,94/dummy/hit,3,4923,4936,359,510,"[{""frame"": 2, ""category"": ""design_intent"", ""reasons"": [""sprite_jump""], ""intent"": ""authored_dissolve""}]"
per-unit-2026-10-04,94/dummy/death,6,3696,4066.5,176,372.0,"[{""frame"": 1, ""category"": ""design_intent"", ""reasons"": [""foreground_jump""], ""intent"": ""authored_dissolve""}, {""frame"": 2, ""category"": ""design_intent"", ""reasons"": [""sprite_jump""], ""intent"": ""authored_dissolve""}, {""frame"": 4, ""category"": ""design_intent"", ""reasons"": [""sprite_jump""], ""intent"": ""authored_dissolve""}]"
per-unit-2026-10-04,94/dummy/skill,9,4897,6543,524,716,"[{""frame"": 3, ""category"": ""design_intent"", ""reasons"": [""foreground_jump""], ""intent"": ""effect_phase_transition""}, {""frame"": 4, ""category"": ""design_intent"", ""reasons"": [""foreground_jump""], ""intent"": ""authored_dissolve""}, {""frame"": 5, ""category"": ""design_intent"", ""reasons"": [""foreground_jump""], ""intent"": ""authored_dissolve""}]"
per-unit-2026-10-04,94/melee/idle,8,4430,4540.0,539,639.0,[]
per-unit-2026-10-04,94/melee/walk,4,4311,4498.0,543,631.5,[]
per-unit-2026-10-04,94/melee/windup,3,4336,4501,538,720,[]
per-unit-2026-10-04,94/melee/strike,5,4350,4522,524,712,[]
per-unit-2026-10-04,94/melee/hit,3,5035,5064,369,535,"[{""frame"": 2, ""category"": ""design_intent"", ""reasons"": [""sprite_jump""], ""intent"": ""authored_dissolve_recovery""}]"
per-unit-2026-10-04,94/melee/death,6,3879,4148.5,176,372.0,"[{""frame"": 1, ""category"": ""design_intent"", ""reasons"": [""foreground_jump""], ""intent"": ""authored_dissolve""}, {""frame"": 2, ""category"": ""design_intent"", ""reasons"": [""sprite_jump""], ""intent"": ""authored_dissolve""}, {""frame"": 4, ""category"": ""design_intent"", ""reasons"": [""sprite_jump""], ""intent"": ""authored_dissolve""}]"
per-unit-2026-10-04,94/melee/skill,9,4487,5964,366,538,"[{""frame"": 1, ""category"": ""design_intent"", ""reasons"": [""sprite_jump""], ""intent"": ""authored_dissolve""}, {""frame"": 3, ""category"": ""design_intent"", ""reasons"": [""foreground_jump""], ""intent"": ""effect_phase_transition""}, {""frame"": 4, ""category"": ""design_intent"", ""reasons"": [""foreground_jump"", ""sprite_jump""], ""intent"": ""authored_dissolve""}, {""frame"": 5, ""category"": ""design_intent"", ""reasons"": [""foreground_jump""], ""intent"": ""authored_dissolve""}, {""frame"": 6, ""category"": ""design_intent"", ""reasons"": [""sprite_jump""], ""intent"": ""authored_dissolve_recovery""}, {""frame"": 7, ""category"": ""design_intent"", ""reasons"": [""sprite_jump""], ""intent"": ""authored_dissolve""}]"
per-unit-2026-10-04,94/ranged/idle,8,4270,4376.5,539,639.0,[]
per-unit-2026-10-04,94/ranged/walk,4,4253,4375.0,543,631.5,[]
per-unit-2026-10-04,94/ranged/windup,3,4446,4626,538,720,[]
per-unit-2026-10-04,94/ranged/strike,5,4467,4625,524,712,[]
per-unit-2026-10-04,94/ranged/hit,3,5239,5256,359,499,"[{""frame"": 2, ""category"": ""design_intent"", ""reasons"": [""sprite_jump""], ""intent"": ""authored_dissolve_recovery""}]"
per-unit-2026-10-04,94/ranged/death,6,3993,4211.0,176,372.0,"[{""frame"": 1, ""category"": ""design_intent"", ""reasons"": [""foreground_jump""], ""intent"": ""authored_dissolve""}, {""frame"": 2, ""category"": ""design_intent"", ""reasons"": [""sprite_jump""], ""intent"": ""authored_dissolve""}, {""frame"": 4, ""category"": ""design_intent"", ""reasons"": [""sprite_jump""], ""intent"": ""authored_dissolve""}]"
per-unit-2026-10-04,94/ranged/skill,9,6053,9428,336,506,"[{""frame"": 2, ""category"": ""design_intent"", ""reasons"": [""sprite_jump""], ""intent"": ""authored_dissolve_recovery""}, {""frame"": 3, ""category"": ""design_intent"", ""reasons"": [""foreground_jump"", ""sprite_jump""], ""intent"": ""authored_dissolve""}, {""frame"": 4, ""category"": ""design_intent"", ""reasons"": [""foreground_jump"", ""sprite_jump""], ""intent"": ""authored_dissolve""}, {""frame"": 5, ""category"": ""design_intent"", ""reasons"": [""foreground_jump"", ""sprite_jump""], ""intent"": ""authored_dissolve""}, {""frame"": 8, ""category"": ""design_intent"", ""reasons"": [""foreground_jump""], ""intent"": ""authored_dissolve""}]"
per-unit-2026-10-04,131/dummy/idle,8,4247,4368.0,471,501.0,[]
per-unit-2026-10-04,131/dummy/walk,5,4252,4426,471,510,[]
per-unit-2026-10-04,131/dummy/windup,3,4299,4323,447,487,[]
per-unit-2026-10-04,131/dummy/strike,5,4433,4869,471,497,[]
per-unit-2026-10-04,131/dummy/hit,3,4948,5146,501,504,[]
per-unit-2026-10-04,131/dummy/death,6,3609,3977.5,82,275.5,"[{""frame"": 1, ""category"": ""design_intent"", ""reasons"": [""foreground_jump""], ""intent"": ""death_pose""}, {""frame"": 2, ""category"": ""design_intent"", ""reasons"": [""sprite_jump""], ""intent"": ""authored_dissolve""}, {""frame"": 3, ""category"": ""design_intent"", ""reasons"": [""sprite_jump""], ""intent"": ""authored_dissolve""}, {""frame"": 4, ""category"": ""design_intent"", ""reasons"": [""low_sprite"", ""sprite_jump""], ""intent"": ""authored_dissolve""}, {""frame"": 5, ""category"": ""design_intent"", ""reasons"": [""low_sprite""], ""intent"": ""authored_dissolve""}]"
per-unit-2026-10-04,131/dummy/skill,9,4403,4926,447,487,"[{""frame"": 3, ""category"": ""design_intent"", ""reasons"": [""foreground_jump""], ""intent"": ""effect_phase_transition""}, {""frame"": 5, ""category"": ""design_intent"", ""reasons"": [""foreground_jump""], ""intent"": ""effect_phase_transition""}]"
per-unit-2026-10-04,131/melee/idle,8,4369,4427.0,471,501.0,[]
per-unit-2026-10-04,131/melee/walk,5,4224,4340,471,510,[]
per-unit-2026-10-04,131/melee/windup,3,4103,4132,447,487,[]
per-unit-2026-10-04,131/melee/strike,5,4406,5047,471,497,[]
per-unit-2026-10-04,131/melee/hit,3,5129,5187,471,497,[]
per-unit-2026-10-04,131/melee/death,6,3650,4000.5,82,275.5,"[{""frame"": 1, ""category"": ""design_intent"", ""reasons"": [""foreground_jump""], ""intent"": ""death_pose""}, {""frame"": 2, ""category"": ""design_intent"", ""reasons"": [""sprite_jump""], ""intent"": ""authored_dissolve""}, {""frame"": 3, ""category"": ""design_intent"", ""reasons"": [""sprite_jump""], ""intent"": ""authored_dissolve""}, {""frame"": 4, ""category"": ""design_intent"", ""reasons"": [""low_sprite"", ""sprite_jump""], ""intent"": ""authored_dissolve""}, {""frame"": 5, ""category"": ""design_intent"", ""reasons"": [""low_sprite""], ""intent"": ""authored_dissolve""}]"
per-unit-2026-10-04,131/melee/skill,9,5890,7952,471,489,"[{""frame"": 1, ""category"": ""design_intent"", ""reasons"": [""foreground_jump""], ""intent"": ""effect_phase_transition""}, {""frame"": 2, ""category"": ""design_intent"", ""reasons"": [""foreground_jump""], ""intent"": ""effect_phase_transition""}, {""frame"": 3, ""category"": ""design_intent"", ""reasons"": [""foreground_jump""], ""intent"": ""effect_phase_transition""}, {""frame"": 5, ""category"": ""design_intent"", ""reasons"": [""foreground_jump""], ""intent"": ""effect_phase_transition""}]"
per-unit-2026-10-04,131/ranged/idle,8,4221,4267.0,471,501.0,[]
per-unit-2026-10-04,131/ranged/walk,5,4212,4223,471,510,[]
per-unit-2026-10-04,131/ranged/windup,3,4077,4114,447,487,[]
per-unit-2026-10-04,131/ranged/strike,5,4239,4842,471,497,[]
per-unit-2026-10-04,131/ranged/hit,3,5209,5375,471,471,[]
per-unit-2026-10-04,131/ranged/death,6,3904,4122.0,82,275.5,"[{""frame"": 1, ""category"": ""design_intent"", ""reasons"": [""foreground_jump""], ""intent"": ""death_pose""}, {""frame"": 2, ""category"": ""design_intent"", ""reasons"": [""sprite_jump""], ""intent"": ""authored_dissolve""}, {""frame"": 3, ""category"": ""design_intent"", ""reasons"": [""sprite_jump""], ""intent"": ""authored_dissolve""}, {""frame"": 4, ""category"": ""design_intent"", ""reasons"": [""low_sprite"", ""sprite_jump""], ""intent"": ""authored_dissolve""}, {""frame"": 5, ""category"": ""design_intent"", ""reasons"": [""low_sprite""], ""intent"": ""authored_dissolve""}]"
per-unit-2026-10-04,131/ranged/skill,9,6951,12583,452,485,"[{""frame"": 1, ""category"": ""design_intent"", ""reasons"": [""foreground_jump""], ""intent"": ""effect_phase_transition""}, {""frame"": 3, ""category"": ""design_intent"", ""reasons"": [""foreground_jump""], ""intent"": ""effect_phase_transition""}, {""frame"": 6, ""category"": ""design_intent"", ""reasons"": [""foreground_jump""], ""intent"": ""effect_phase_transition""}, {""frame"": 7, ""category"": ""design_intent"", ""reasons"": [""foreground_jump""], ""intent"": ""effect_phase_transition""}]"
per-unit-2026-10-04,59/dummy/idle,8,4407,4532.0,604,627.0,[]
per-unit-2026-10-04,59/dummy/walk,4,4358,4585.5,598,613.5,[]
per-unit-2026-10-04,59/dummy/windup,2,4385,4442.0,604,608.5,[]
per-unit-2026-10-04,59/dummy/strike,5,4490,4975,587,604,[]
per-unit-2026-10-04,59/dummy/hit,3,4974,5203,568,636,[]
per-unit-2026-10-04,59/dummy/death,6,3635,4038.0,114,340.5,"[{""frame"": 1, ""category"": ""design_intent"", ""reasons"": [""foreground_jump"", ""sprite_jump""], ""intent"": ""authored_dissolve""}, {""frame"": 3, ""category"": ""design_intent"", ""reasons"": [""sprite_jump""], ""intent"": ""authored_dissolve""}, {""frame"": 4, ""category"": ""design_intent"", ""reasons"": [""low_sprite"", ""sprite_jump""], ""intent"": ""authored_dissolve""}, {""frame"": 5, ""category"": ""design_intent"", ""reasons"": [""low_sprite""], ""intent"": ""authored_dissolve""}]"
per-unit-2026-10-04,59/dummy/skill,8,4492,6072.5,587,608.5,"[{""frame"": 2, ""category"": ""design_intent"", ""reasons"": [""foreground_jump""], ""intent"": ""effect_phase_transition""}, {""frame"": 3, ""category"": ""design_intent"", ""reasons"": [""foreground_jump""], ""intent"": ""effect_phase_transition""}, {""frame"": 4, ""category"": ""design_intent"", ""reasons"": [""foreground_jump""], ""intent"": ""effect_phase_transition""}]"
per-unit-2026-10-04,59/melee/idle,8,4559,4591.0,604,627.0,[]
per-unit-2026-10-04,59/melee/walk,4,4371,4433.5,598,613.5,[]
per-unit-2026-10-04,59/melee/windup,2,4247,4269.5,604,608.5,[]
per-unit-2026-10-04,59/melee/strike,5,4544,5125,587,604,[]
per-unit-2026-10-04,59/melee/hit,3,5166,5271,593,607,[]
per-unit-2026-10-04,59/melee/death,6,3686,4061.0,114,340.5,"[{""frame"": 1, ""category"": ""design_intent"", ""reasons"": [""foreground_jump"", ""sprite_jump""], ""intent"": ""authored_dissolve""}, {""frame"": 3, ""category"": ""design_intent"", ""reasons"": [""sprite_jump""], ""intent"": ""authored_dissolve""}, {""frame"": 4, ""category"": ""design_intent"", ""reasons"": [""low_sprite"", ""sprite_jump""], ""intent"": ""authored_dissolve""}, {""frame"": 5, ""category"": ""design_intent"", ""reasons"": [""low_sprite""], ""intent"": ""authored_dissolve""}]"
per-unit-2026-10-04,59/melee/skill,8,5506,9818.5,587,605.0,"[{""frame"": 2, ""category"": ""design_intent"", ""reasons"": [""foreground_jump""], ""intent"": ""effect_phase_transition""}, {""frame"": 3, ""category"": ""design_intent"", ""reasons"": [""foreground_jump""], ""intent"": ""effect_phase_transition""}, {""frame"": 4, ""category"": ""design_intent"", ""reasons"": [""foreground_jump""], ""intent"": ""effect_phase_transition""}, {""frame"": 6, ""category"": ""design_intent"", ""reasons"": [""foreground_jump""], ""intent"": ""effect_phase_transition""}, {""frame"": 7, ""category"": ""design_intent"", ""reasons"": [""foreground_jump""], ""intent"": ""effect_phase_transition""}]"
per-unit-2026-10-04,59/ranged/idle,8,4411,4430.5,604,627.0,[]
per-unit-2026-10-04,59/ranged/walk,4,4319,4365.5,598,613.5,[]
per-unit-2026-10-04,59/ranged/windup,2,4243,4255.0,604,608.5,[]
per-unit-2026-10-04,59/ranged/strike,5,4392,4924,587,604,[]
per-unit-2026-10-04,59/ranged/hit,3,5291,5458,568,636,[]
per-unit-2026-10-04,59/ranged/death,6,3932,4182.5,114,340.5,"[{""frame"": 1, ""category"": ""design_intent"", ""reasons"": [""foreground_jump"", ""sprite_jump""], ""intent"": ""authored_dissolve""}, {""frame"": 3, ""category"": ""design_intent"", ""reasons"": [""sprite_jump""], ""intent"": ""authored_dissolve""}, {""frame"": 4, ""category"": ""design_intent"", ""reasons"": [""low_sprite"", ""sprite_jump""], ""intent"": ""authored_dissolve""}, {""frame"": 5, ""category"": ""design_intent"", ""reasons"": [""low_sprite""], ""intent"": ""authored_dissolve""}]"
per-unit-2026-10-04,59/ranged/skill,8,8240,14905.0,568,602.5,"[{""frame"": 1, ""category"": ""design_intent"", ""reasons"": [""foreground_jump""], ""intent"": ""effect_phase_transition""}, {""frame"": 2, ""category"": ""design_intent"", ""reasons"": [""foreground_jump""], ""intent"": ""effect_phase_transition""}, {""frame"": 3, ""category"": ""design_intent"", ""reasons"": [""foreground_jump""], ""intent"": ""effect_phase_transition""}, {""frame"": 4, ""category"": ""design_intent"", ""reasons"": [""foreground_jump""], ""intent"": ""effect_phase_transition""}, {""frame"": 5, ""category"": ""design_intent"", ""reasons"": [""foreground_jump""], ""intent"": ""effect_phase_transition""}, {""frame"": 6, ""category"": ""design_intent"", ""reasons"": [""foreground_jump""], ""intent"": ""effect_phase_transition""}, {""frame"": 7, ""category"": ""design_intent"", ""reasons"": [""foreground_jump""], ""intent"": ""effect_phase_transition""}]"
per-unit-2026-10-04,130/dummy/idle,8,4394,4527.0,628,658.0,[]
per-unit-2026-10-04,130/dummy/walk,5,4361,4583,619,658,[]
per-unit-2026-10-04,130/dummy/windup,4,4444,4514.5,633,634.0,[]
per-unit-2026-10-04,130/dummy/strike,5,4666,4869,619,646,[]
per-unit-2026-10-04,130/dummy/hit,3,5089,5220,639,651,[]
per-unit-2026-10-04,130/dummy/death,6,3620,4014.5,93,310.5,"[{""frame"": 1, ""category"": ""design_intent"", ""reasons"": [""foreground_jump""], ""intent"": ""death_pose""}, {""frame"": 2, ""category"": ""design_intent"", ""reasons"": [""sprite_jump""], ""intent"": ""authored_dissolve""}, {""frame"": 3, ""category"": ""design_intent"", ""reasons"": [""sprite_jump""], ""intent"": ""authored_dissolve""}, {""frame"": 4, ""category"": ""design_intent"", ""reasons"": [""low_sprite"", ""sprite_jump""], ""intent"": ""authored_dissolve""}, {""frame"": 5, ""category"": ""design_intent"", ""reasons"": [""low_sprite""], ""intent"": ""authored_dissolve""}]"
per-unit-2026-10-04,130/dummy/skill,10,4579,5017.0,619,642.0,"[{""frame"": 4, ""category"": ""design_intent"", ""reasons"": [""foreground_jump""], ""intent"": ""effect_phase_transition""}, {""frame"": 6, ""category"": ""design_intent"", ""reasons"": [""foreground_jump""], ""intent"": ""effect_phase_transition""}]"
per-unit-2026-10-04,130/melee/idle,8,4579,4601.0,628,658.0,[]
per-unit-2026-10-04,130/melee/walk,5,4381,4474,619,658,[]
per-unit-2026-10-04,130/melee/windup,4,4306,4370.0,633,634.0,[]
per-unit-2026-10-04,130/melee/strike,5,4571,5158,619,646,[]
per-unit-2026-10-04,130/melee/hit,3,5222,5279,654,658,[]
per-unit-2026-10-04,130/melee/death,6,3664,4037.5,93,310.5,"[{""frame"": 1, ""category"": ""design_intent"", ""reasons"": [""foreground_jump""], ""intent"": ""death_pose""}, {""frame"": 2, ""category"": ""design_intent"", ""reasons"": [""sprite_jump""], ""intent"": ""authored_dissolve""}, {""frame"": 3, ""category"": ""design_intent"", ""reasons"": [""sprite_jump""], ""intent"": ""authored_dissolve""}, {""frame"": 4, ""category"": ""design_intent"", ""reasons"": [""low_sprite"", ""sprite_jump""], ""intent"": ""authored_dissolve""}, {""frame"": 5, ""category"": ""design_intent"", ""reasons"": [""low_sprite""], ""intent"": ""authored_dissolve""}]"
per-unit-2026-10-04,130/melee/skill,10,5114,7652.5,619,642.0,"[{""frame"": 4, ""category"": ""design_intent"", ""reasons"": [""foreground_jump""], ""intent"": ""effect_phase_transition""}, {""frame"": 5, ""category"": ""design_intent"", ""reasons"": [""foreground_jump""], ""intent"": ""effect_phase_transition""}, {""frame"": 6, ""category"": ""design_intent"", ""reasons"": [""foreground_jump""], ""intent"": ""effect_phase_transition""}, {""frame"": 7, ""category"": ""design_intent"", ""reasons"": [""foreground_jump""], ""intent"": ""effect_phase_transition""}, {""frame"": 8, ""category"": ""design_intent"", ""reasons"": [""foreground_jump""], ""intent"": ""effect_phase_transition""}]"
per-unit-2026-10-04,130/ranged/idle,8,4407,4432.0,628,658.0,[]
per-unit-2026-10-04,130/ranged/walk,5,4322,4370,619,658,[]
per-unit-2026-10-04,130/ranged/windup,4,4279,4285.5,633,634.0,[]
per-unit-2026-10-04,130/ranged/strike,5,4420,4944,619,646,[]
per-unit-2026-10-04,130/ranged/hit,3,5384,5489,655,660,[]
per-unit-2026-10-04,130/ranged/death,6,3917,4159.0,93,310.5,"[{""frame"": 1, ""category"": ""design_intent"", ""reasons"": [""foreground_jump""], ""intent"": ""death_pose""}, {""frame"": 2, ""category"": ""design_intent"", ""reasons"": [""sprite_jump""], ""intent"": ""authored_dissolve""}, {""frame"": 3, ""category"": ""design_intent"", ""reasons"": [""sprite_jump""], ""intent"": ""authored_dissolve""}, {""frame"": 4, ""category"": ""design_intent"", ""reasons"": [""low_sprite"", ""sprite_jump""], ""intent"": ""authored_dissolve""}, {""frame"": 5, ""category"": ""design_intent"", ""reasons"": [""low_sprite""], ""intent"": ""authored_dissolve""}]"
per-unit-2026-10-04,130/ranged/skill,10,7161,8576.5,619,643.0,"[{""frame"": 1, ""category"": ""design_intent"", ""reasons"": [""foreground_jump""], ""intent"": ""effect_phase_transition""}, {""frame"": 2, ""category"": ""design_intent"", ""reasons"": [""foreground_jump""], ""intent"": ""effect_phase_transition""}, {""frame"": 4, ""category"": ""design_intent"", ""reasons"": [""foreground_jump""], ""intent"": ""effect_phase_transition""}, {""frame"": 5, ""category"": ""design_intent"", ""reasons"": [""foreground_jump""], ""intent"": ""effect_phase_transition""}, {""frame"": 6, ""category"": ""design_intent"", ""reasons"": [""foreground_jump""], ""intent"": ""effect_phase_transition""}]"
per-unit-2026-10-04,31/dummy/idle,8,4366,4525.0,644,661.5,[]
per-unit-2026-10-04,31/dummy/walk,4,4377,4563.0,634,652.5,[]
per-unit-2026-10-04,31/dummy/windup,3,4427,4543,654,656,[]
per-unit-2026-10-04,31/dummy/strike,5,4560,4908,630,669,[]
per-unit-2026-10-04,31/dummy/hit,3,4991,5123,624,654,[]
per-unit-2026-10-04,31/dummy/death,6,3674,4099.5,99,395.0,"[{""frame"": 1, ""category"": ""design_intent"", ""reasons"": [""foreground_jump""], ""intent"": ""death_pose""}, {""frame"": 2, ""category"": ""design_intent"", ""reasons"": [""sprite_jump""], ""intent"": ""authored_dissolve""}, {""frame"": 4, ""category"": ""design_intent"", ""reasons"": [""sprite_jump""], ""intent"": ""authored_dissolve""}, {""frame"": 5, ""category"": ""design_intent"", ""reasons"": [""low_sprite""], ""intent"": ""authored_dissolve""}]"
per-unit-2026-10-04,31/dummy/skill,9,4569,4950,630,660,"[{""frame"": 3, ""category"": ""design_intent"", ""reasons"": [""foreground_jump""], ""intent"": ""effect_phase_transition""}, {""frame"": 5, ""category"": ""design_intent"", ""reasons"": [""foreground_jump""], ""intent"": ""effect_phase_transition""}]"
per-unit-2026-10-04,31/melee/idle,8,4579,4595.5,644,661.5,[]
per-unit-2026-10-04,31/melee/walk,4,4358,4427.0,634,652.5,[]
per-unit-2026-10-04,31/melee/windup,3,4289,4337,654,656,[]
per-unit-2026-10-04,31/melee/strike,5,4603,5123,630,669,[]
per-unit-2026-10-04,31/melee/hit,3,5211,5284,654,659,[]
per-unit-2026-10-04,31/melee/death,6,3665,4122.5,99,395.0,"[{""frame"": 1, ""category"": ""design_intent"", ""reasons"": [""foreground_jump""], ""intent"": ""death_pose""}, {""frame"": 2, ""category"": ""design_intent"", ""reasons"": [""sprite_jump""], ""intent"": ""authored_dissolve""}, {""frame"": 4, ""category"": ""design_intent"", ""reasons"": [""sprite_jump""], ""intent"": ""authored_dissolve""}, {""frame"": 5, ""category"": ""design_intent"", ""reasons"": [""low_sprite""], ""intent"": ""authored_dissolve""}]"
per-unit-2026-10-04,31/melee/skill,9,6051,8231,646,655,"[{""frame"": 1, ""category"": ""design_intent"", ""reasons"": [""foreground_jump""], ""intent"": ""effect_phase_transition""}, {""frame"": 2, ""category"": ""design_intent"", ""reasons"": [""foreground_jump""], ""intent"": ""effect_phase_transition""}, {""frame"": 3, ""category"": ""design_intent"", ""reasons"": [""foreground_jump""], ""intent"": ""effect_phase_transition""}, {""frame"": 4, ""category"": ""design_intent"", ""reasons"": [""foreground_jump""], ""intent"": ""effect_phase_transition""}, {""frame"": 5, ""category"": ""design_intent"", ""reasons"": [""foreground_jump""], ""intent"": ""effect_phase_transition""}]"
per-unit-2026-10-04,31/ranged/idle,8,4395,4430.0,644,661.5,[]
per-unit-2026-10-04,31/ranged/walk,4,4334,4345.0,634,652.5,[]
per-unit-2026-10-04,31/ranged/windup,3,4285,4311,654,656,[]
per-unit-2026-10-04,31/ranged/strike,5,4394,4893,630,669,[]
per-unit-2026-10-04,31/ranged/hit,3,5365,5402,639,670,[]
per-unit-2026-10-04,31/ranged/death,6,3919,4244.0,99,395.0,"[{""frame"": 1, ""category"": ""design_intent"", ""reasons"": [""foreground_jump""], ""intent"": ""death_pose""}, {""frame"": 2, ""category"": ""design_intent"", ""reasons"": [""sprite_jump""], ""intent"": ""authored_dissolve""}, {""frame"": 4, ""category"": ""design_intent"", ""reasons"": [""sprite_jump""], ""intent"": ""authored_dissolve""}, {""frame"": 5, ""category"": ""design_intent"", ""reasons"": [""low_sprite""], ""intent"": ""authored_dissolve""}]"
per-unit-2026-10-04,31/ranged/skill,9,6092,7772,632,655,"[{""frame"": 1, ""category"": ""design_intent"", ""reasons"": [""foreground_jump""], ""intent"": ""effect_phase_transition""}, {""frame"": 2, ""category"": ""design_intent"", ""reasons"": [""foreground_jump""], ""intent"": ""effect_phase_transition""}, {""frame"": 3, ""category"": ""design_intent"", ""reasons"": [""foreground_jump""], ""intent"": ""effect_phase_transition""}, {""frame"": 4, ""category"": ""design_intent"", ""reasons"": [""foreground_jump""], ""intent"": ""effect_phase_transition""}, {""frame"": 5, ""category"": ""design_intent"", ""reasons"": [""foreground_jump""], ""intent"": ""effect_phase_transition""}]"
per-unit-2026-10-04,34/dummy/idle,8,4415,4593.0,693,716.5,[]
per-unit-2026-10-04,34/dummy/walk,4,4414,4615.5,680,687.0,[]
per-unit-2026-10-04,34/dummy/windup,2,4492,4558.0,680,684.5,[]
per-unit-2026-10-04,34/dummy/strike,5,4582,5011,691,711,[]
per-unit-2026-10-04,34/dummy/hit,3,5045,5195,693,705,[]
per-unit-2026-10-04,34/dummy/death,6,3676,4101.5,98,400.5,"[{""frame"": 1, ""category"": ""design_intent"", ""reasons"": [""foreground_jump""], ""intent"": ""death_pose""}, {""frame"": 2, ""category"": ""design_intent"", ""reasons"": [""sprite_jump""], ""intent"": ""authored_dissolve""}, {""frame"": 4, ""category"": ""design_intent"", ""reasons"": [""sprite_jump""], ""intent"": ""authored_dissolve""}, {""frame"": 5, ""category"": ""design_intent"", ""reasons"": [""low_sprite""], ""intent"": ""authored_dissolve""}]"
per-unit-2026-10-04,34/dummy/skill,8,4700,5248.5,680,705.0,"[{""frame"": 2, ""category"": ""design_intent"", ""reasons"": [""foreground_jump""], ""intent"": ""effect_phase_transition""}, {""frame"": 3, ""category"": ""design_intent"", ""reasons"": [""foreground_jump""], ""intent"": ""effect_phase_transition""}, {""frame"": 4, ""category"": ""design_intent"", ""reasons"": [""foreground_jump""], ""intent"": ""effect_phase_transition""}]"
per-unit-2026-10-04,34/melee/idle,8,4621,4652.0,693,716.5,[]
per-unit-2026-10-04,34/melee/walk,4,4380,4487.0,680,687.0,[]
per-unit-2026-10-04,34/melee/windup,2,4354,4376.0,680,684.5,[]
per-unit-2026-10-04,34/melee/strike,5,4663,5204,691,711,[]
per-unit-2026-10-04,34/melee/hit,3,5168,5290,706,711,[]
per-unit-2026-10-04,34/melee/death,6,3667,4124.5,98,400.5,"[{""frame"": 1, ""category"": ""design_intent"", ""reasons"": [""foreground_jump""], ""intent"": ""death_pose""}, {""frame"": 2, ""category"": ""design_intent"", ""reasons"": [""sprite_jump""], ""intent"": ""authored_dissolve""}, {""frame"": 4, ""category"": ""design_intent"", ""reasons"": [""sprite_jump""], ""intent"": ""authored_dissolve""}, {""frame"": 5, ""category"": ""design_intent"", ""reasons"": [""low_sprite""], ""intent"": ""authored_dissolve""}]"
per-unit-2026-10-04,34/melee/skill,8,5489,9270.0,673,702.0,"[{""frame"": 2, ""category"": ""design_intent"", ""reasons"": [""foreground_jump""], ""intent"": ""effect_phase_transition""}, {""frame"": 3, ""category"": ""design_intent"", ""reasons"": [""foreground_jump""], ""intent"": ""effect_phase_transition""}, {""frame"": 4, ""category"": ""design_intent"", ""reasons"": [""foreground_jump""], ""intent"": ""effect_phase_transition""}, {""frame"": 6, ""category"": ""design_intent"", ""reasons"": [""foreground_jump""], ""intent"": ""effect_phase_transition""}, {""frame"": 7, ""category"": ""design_intent"", ""reasons"": [""foreground_jump""], ""intent"": ""effect_phase_transition""}]"
per-unit-2026-10-04,34/ranged/idle,8,4444,4478.0,693,716.5,[]
per-unit-2026-10-04,34/ranged/walk,4,4368,4399.0,680,687.0,[]
per-unit-2026-10-04,34/ranged/windup,2,4350,4361.5,680,684.5,[]
per-unit-2026-10-04,34/ranged/strike,5,4468,4994,691,711,[]
per-unit-2026-10-04,34/ranged/hit,3,5387,5458,693,705,[]
per-unit-2026-10-04,34/ranged/death,6,3921,4246.0,98,400.5,"[{""frame"": 1, ""category"": ""design_intent"", ""reasons"": [""foreground_jump""], ""intent"": ""death_pose""}, {""frame"": 2, ""category"": ""design_intent"", ""reasons"": [""sprite_jump""], ""intent"": ""authored_dissolve""}, {""frame"": 4, ""category"": ""design_intent"", ""reasons"": [""sprite_jump""], ""intent"": ""authored_dissolve""}, {""frame"": 5, ""category"": ""design_intent"", ""reasons"": [""low_sprite""], ""intent"": ""authored_dissolve""}]"
per-unit-2026-10-04,34/ranged/skill,8,7546,11499.5,673,697.0,"[{""frame"": 1, ""category"": ""design_intent"", ""reasons"": [""foreground_jump""], ""intent"": ""effect_phase_transition""}, {""frame"": 2, ""category"": ""design_intent"", ""reasons"": [""foreground_jump""], ""intent"": ""effect_phase_transition""}, {""frame"": 3, ""category"": ""design_intent"", ""reasons"": [""foreground_jump""], ""intent"": ""effect_phase_transition""}, {""frame"": 4, ""category"": ""design_intent"", ""reasons"": [""foreground_jump""], ""intent"": ""effect_phase_transition""}]"
per-unit-2026-10-04,76/dummy/idle,8,4394,4568.0,661,683.0,[]
per-unit-2026-10-04,76/dummy/walk,4,4354,4629.5,622,651.5,[]
per-unit-2026-10-04,76/dummy/windup,4,4437,4527.0,651,656.0,[]
per-unit-2026-10-04,76/dummy/strike,5,4694,4980,632,662,[]
per-unit-2026-10-04,76/dummy/hit,3,5022,5193,661,672,[]
per-unit-2026-10-04,76/dummy/death,6,3595,3997.0,82,293.0,"[{""frame"": 1, ""category"": ""design_intent"", ""reasons"": [""foreground_jump""], ""intent"": ""death_pose""}, {""frame"": 2, ""category"": ""design_intent"", ""reasons"": [""sprite_jump""], ""intent"": ""authored_dissolve""}, {""frame"": 3, ""category"": ""design_intent"", ""reasons"": [""sprite_jump""], ""intent"": ""authored_dissolve""}, {""frame"": 4, ""category"": ""design_intent"", ""reasons"": [""low_sprite"", ""sprite_jump""], ""intent"": ""authored_dissolve""}, {""frame"": 5, ""category"": ""design_intent"", ""reasons"": [""low_sprite""], ""intent"": ""authored_dissolve""}]"
per-unit-2026-10-04,76/dummy/skill,10,4487,6535.5,632,661.5,"[{""frame"": 4, ""category"": ""design_intent"", ""reasons"": [""foreground_jump""], ""intent"": ""effect_phase_transition""}, {""frame"": 5, ""category"": ""design_intent"", ""reasons"": [""foreground_jump""], ""intent"": ""effect_phase_transition""}, {""frame"": 6, ""category"": ""design_intent"", ""reasons"": [""foreground_jump""], ""intent"": ""effect_phase_transition""}]"
per-unit-2026-10-04,76/melee/idle,8,4627,4646.0,661,683.0,[]
per-unit-2026-10-04,76/melee/walk,4,4403,4459.5,622,651.5,[]
per-unit-2026-10-04,76/melee/windup,4,4286,4363.5,651,656.0,[]
per-unit-2026-10-04,76/melee/strike,5,4605,5144,632,662,[]
per-unit-2026-10-04,76/melee/hit,3,5198,5274,683,683,[]
per-unit-2026-10-04,76/melee/death,6,3633,4020.0,82,293.0,"[{""frame"": 1, ""category"": ""design_intent"", ""reasons"": [""foreground_jump""], ""intent"": ""death_pose""}, {""frame"": 2, ""category"": ""design_intent"", ""reasons"": [""sprite_jump""], ""intent"": ""authored_dissolve""}, {""frame"": 3, ""category"": ""design_intent"", ""reasons"": [""sprite_jump""], ""intent"": ""authored_dissolve""}, {""frame"": 4, ""category"": ""design_intent"", ""reasons"": [""low_sprite"", ""sprite_jump""], ""intent"": ""authored_dissolve""}, {""frame"": 5, ""category"": ""design_intent"", ""reasons"": [""low_sprite""], ""intent"": ""authored_dissolve""}]"
per-unit-2026-10-04,76/melee/skill,10,6343,9336.5,630,662.0,"[{""frame"": 1, ""category"": ""design_intent"", ""reasons"": [""foreground_jump""], ""intent"": ""effect_phase_transition""}, {""frame"": 2, ""category"": ""design_intent"", ""reasons"": [""foreground_jump""], ""intent"": ""effect_phase_transition""}, {""frame"": 4, ""category"": ""design_intent"", ""reasons"": [""foreground_jump""], ""intent"": ""effect_phase_transition""}, {""frame"": 5, ""category"": ""design_intent"", ""reasons"": [""foreground_jump""], ""intent"": ""effect_phase_transition""}, {""frame"": 6, ""category"": ""design_intent"", ""reasons"": [""foreground_jump""], ""intent"": ""effect_phase_transition""}]"
per-unit-2026-10-04,76/ranged/idle,8,4423,4473.0,661,683.0,[]
per-unit-2026-10-04,76/ranged/walk,4,4315,4409.5,622,651.5,[]
per-unit-2026-10-04,76/ranged/windup,4,4260,4290.0,651,656.0,[]
per-unit-2026-10-04,76/ranged/strike,5,4465,4921,632,662,[]
per-unit-2026-10-04,76/ranged/hit,3,5373,5443,683,702,[]
per-unit-2026-10-04,76/ranged/death,6,3887,4141.5,82,293.0,"[{""frame"": 1, ""category"": ""design_intent"", ""reasons"": [""foreground_jump""], ""intent"": ""death_pose""}, {""frame"": 2, ""category"": ""design_intent"", ""reasons"": [""sprite_jump""], ""intent"": ""authored_dissolve""}, {""frame"": 3, ""category"": ""design_intent"", ""reasons"": [""sprite_jump""], ""intent"": ""authored_dissolve""}, {""frame"": 4, ""category"": ""design_intent"", ""reasons"": [""low_sprite"", ""sprite_jump""], ""intent"": ""authored_dissolve""}, {""frame"": 5, ""category"": ""design_intent"", ""reasons"": [""low_sprite""], ""intent"": ""authored_dissolve""}]"
per-unit-2026-10-04,76/ranged/skill,10,7050,7438.0,632,662.0,"[{""frame"": 4, ""category"": ""design_intent"", ""reasons"": [""foreground_jump""], ""intent"": ""effect_phase_transition""}, {""frame"": 5, ""category"": ""design_intent"", ""reasons"": [""foreground_jump""], ""intent"": ""effect_phase_transition""}, {""frame"": 6, ""category"": ""design_intent"", ""reasons"": [""foreground_jump""], ""intent"": ""effect_phase_transition""}]"
per-unit-2026-10-04,95/dummy/idle,8,4336,4404.0,503,513.0,[]
per-unit-2026-10-04,95/dummy/walk,4,4229,4488.5,497,514.0,[]
per-unit-2026-10-04,95/dummy/windup,3,4299,4420,501,503,[]
per-unit-2026-10-04,95/dummy/strike,5,4388,4732,482,512,[]
per-unit-2026-10-04,95/dummy/hit,3,4951,5028,503,509,[]
per-unit-2026-10-04,95/dummy/death,6,3582,3949.5,55,246.5,"[{""frame"": 1, ""category"": ""design_intent"", ""reasons"": [""foreground_jump""], ""intent"": ""death_pose""}, {""frame"": 2, ""category"": ""design_intent"", ""reasons"": [""sprite_jump""], ""intent"": ""authored_dissolve""}, {""frame"": 3, ""category"": ""design_intent"", ""reasons"": [""sprite_jump""], ""intent"": ""authored_dissolve""}, {""frame"": 4, ""category"": ""design_intent"", ""reasons"": [""low_sprite"", ""sprite_jump""], ""intent"": ""authored_dissolve""}, {""frame"": 5, ""category"": ""design_intent"", ""reasons"": [""low_sprite""], ""intent"": ""authored_dissolve""}]"
per-unit-2026-10-04,95/dummy/skill,9,4347,5096,482,512,"[{""frame"": 3, ""category"": ""design_intent"", ""reasons"": [""foreground_jump""], ""intent"": ""effect_phase_transition""}, {""frame"": 4, ""category"": ""design_intent"", ""reasons"": [""foreground_jump""], ""intent"": ""effect_phase_transition""}, {""frame"": 5, ""category"": ""design_intent"", ""reasons"": [""foreground_jump""], ""intent"": ""effect_phase_transition""}]"
per-unit-2026-10-04,95/melee/idle,8,4419,4465.0,503,513.0,[]
per-unit-2026-10-04,95/melee/walk,4,4255,4330.0,497,514.0,[]
per-unit-2026-10-04,95/melee/windup,3,4161,4214,501,503,[]
per-unit-2026-10-04,95/melee/strike,5,4480,4942,482,512,[]
per-unit-2026-10-04,95/melee/hit,3,4988,5103,513,513,[]
per-unit-2026-10-04,95/melee/death,6,3611,3972.5,55,246.5,"[{""frame"": 1, ""category"": ""design_intent"", ""reasons"": [""foreground_jump""], ""intent"": ""death_pose""}, {""frame"": 2, ""category"": ""design_intent"", ""reasons"": [""sprite_jump""], ""intent"": ""authored_dissolve""}, {""frame"": 3, ""category"": ""design_intent"", ""reasons"": [""sprite_jump""], ""intent"": ""authored_dissolve""}, {""frame"": 4, ""category"": ""design_intent"", ""reasons"": [""low_sprite"", ""sprite_jump""], ""intent"": ""authored_dissolve""}, {""frame"": 5, ""category"": ""design_intent"", ""reasons"": [""low_sprite""], ""intent"": ""authored_dissolve""}]"
per-unit-2026-10-04,95/melee/skill,9,6665,8007,482,513,"[{""frame"": 1, ""category"": ""design_intent"", ""reasons"": [""foreground_jump""], ""intent"": ""effect_phase_transition""}, {""frame"": 2, ""category"": ""design_intent"", ""reasons"": [""foreground_jump""], ""intent"": ""effect_phase_transition""}, {""frame"": 3, ""category"": ""design_intent"", ""reasons"": [""foreground_jump""], ""intent"": ""effect_phase_transition""}, {""frame"": 4, ""category"": ""design_intent"", ""reasons"": [""foreground_jump""], ""intent"": ""effect_phase_transition""}, {""frame"": 5, ""category"": ""design_intent"", ""reasons"": [""foreground_jump""], ""intent"": ""effect_phase_transition""}]"
per-unit-2026-10-04,95/ranged/idle,8,4259,4314.0,503,513.0,[]
per-unit-2026-10-04,95/ranged/walk,4,4190,4268.5,497,514.0,[]
per-unit-2026-10-04,95/ranged/windup,3,4157,4188,501,503,[]
per-unit-2026-10-04,95/ranged/strike,5,4312,4704,482,512,[]
per-unit-2026-10-04,95/ranged/hit,3,5185,5245,513,513,[]
per-unit-2026-10-04,95/ranged/death,6,3865,4094.0,55,246.5,"[{""frame"": 1, ""category"": ""design_intent"", ""reasons"": [""foreground_jump""], ""intent"": ""death_pose""}, {""frame"": 2, ""category"": ""design_intent"", ""reasons"": [""sprite_jump""], ""intent"": ""authored_dissolve""}, {""frame"": 3, ""category"": ""design_intent"", ""reasons"": [""sprite_jump""], ""intent"": ""authored_dissolve""}, {""frame"": 4, ""category"": ""design_intent"", ""reasons"": [""low_sprite"", ""sprite_jump""], ""intent"": ""authored_dissolve""}, {""frame"": 5, ""category"": ""design_intent"", ""reasons"": [""low_sprite""], ""intent"": ""authored_dissolve""}]"
per-unit-2026-10-04,95/ranged/skill,9,6981,12581,487,512,"[{""frame"": 1, ""category"": ""design_intent"", ""reasons"": [""foreground_jump""], ""intent"": ""effect_phase_transition""}, {""frame"": 3, ""category"": ""design_intent"", ""reasons"": [""foreground_jump""], ""intent"": ""effect_phase_transition""}, {""frame"": 6, ""category"": ""design_intent"", ""reasons"": [""foreground_jump""], ""intent"": ""effect_phase_transition""}, {""frame"": 7, ""category"": ""design_intent"", ""reasons"": [""foreground_jump""], ""intent"": ""effect_phase_transition""}]"
per-unit-2026-10-04,18/dummy/idle,8,4160,4297.0,410,434.0,[]
per-unit-2026-10-04,18/dummy/walk,4,4167,4363.5,397,422.0,[]
per-unit-2026-10-04,18/dummy/windup,2,4196,4247.5,398,403.0,[]
per-unit-2026-10-04,18/dummy/strike,5,4342,4911,409,424,[]
per-unit-2026-10-04,18/dummy/hit,3,4813,5012,384,434,[]
per-unit-2026-10-04,18/dummy/death,6,3593,3925.5,76,225.5,"[{""frame"": 1, ""category"": ""design_intent"", ""reasons"": [""foreground_jump"", ""sprite_jump""], ""intent"": ""authored_dissolve""}, {""frame"": 3, ""category"": ""design_intent"", ""reasons"": [""sprite_jump""], ""intent"": ""authored_dissolve""}, {""frame"": 4, ""category"": ""design_intent"", ""reasons"": [""low_sprite"", ""sprite_jump""], ""intent"": ""authored_dissolve""}, {""frame"": 5, ""category"": ""design_intent"", ""reasons"": [""low_sprite""], ""intent"": ""authored_dissolve""}]"
per-unit-2026-10-04,18/dummy/skill,8,4295,5235.5,398,418.5,"[{""frame"": 2, ""category"": ""design_intent"", ""reasons"": [""foreground_jump""], ""intent"": ""effect_phase_transition""}, {""frame"": 3, ""category"": ""design_intent"", ""reasons"": [""foreground_jump""], ""intent"": ""effect_phase_transition""}, {""frame"": 4, ""category"": ""design_intent"", ""reasons"": [""foreground_jump""], ""intent"": ""effect_phase_transition""}]"
per-unit-2026-10-04,18/melee/idle,8,4343,4356.0,410,434.0,[]
per-unit-2026-10-04,18/melee/walk,4,4135,4234.0,397,422.0,[]
per-unit-2026-10-04,18/melee/windup,2,4058,4071.0,398,403.0,[]
per-unit-2026-10-04,18/melee/strike,5,4379,4977,409,424,[]
per-unit-2026-10-04,18/melee/hit,3,5051,5085,404,430,[]
per-unit-2026-10-04,18/melee/death,6,3648,3947.0,76,225.5,"[{""frame"": 1, ""category"": ""design_intent"", ""reasons"": [""foreground_jump"", ""sprite_jump""], ""intent"": ""authored_dissolve""}, {""frame"": 3, ""category"": ""design_intent"", ""reasons"": [""sprite_jump""], ""intent"": ""authored_dissolve""}, {""frame"": 4, ""category"": ""design_intent"", ""reasons"": [""low_sprite"", ""sprite_jump""], ""intent"": ""authored_dissolve""}, {""frame"": 5, ""category"": ""design_intent"", ""reasons"": [""low_sprite""], ""intent"": ""authored_dissolve""}]"
per-unit-2026-10-04,18/melee/skill,8,5559,6540.5,359,411.0,"[{""frame"": 2, ""category"": ""design_intent"", ""reasons"": [""foreground_jump""], ""intent"": ""effect_phase_transition""}, {""frame"": 3, ""category"": ""design_intent"", ""reasons"": [""foreground_jump""], ""intent"": ""effect_phase_transition""}, {""frame"": 4, ""category"": ""design_intent"", ""reasons"": [""foreground_jump""], ""intent"": ""effect_phase_transition""}]"
per-unit-2026-10-04,18/ranged/idle,8,4183,4196.0,410,434.0,[]
per-unit-2026-10-04,18/ranged/walk,4,4123,4146.0,397,422.0,[]
per-unit-2026-10-04,18/ranged/windup,2,4054,4056.5,398,403.0,[]
per-unit-2026-10-04,18/ranged/strike,5,4178,4746,409,424,[]
per-unit-2026-10-04,18/ranged/hit,3,5127,5261,408,437,[]
per-unit-2026-10-04,18/ranged/death,6,3890,4068.5,76,225.5,"[{""frame"": 1, ""category"": ""design_intent"", ""reasons"": [""foreground_jump"", ""sprite_jump""], ""intent"": ""authored_dissolve""}, {""frame"": 3, ""category"": ""design_intent"", ""reasons"": [""sprite_jump""], ""intent"": ""authored_dissolve""}, {""frame"": 4, ""category"": ""design_intent"", ""reasons"": [""low_sprite"", ""sprite_jump""], ""intent"": ""authored_dissolve""}, {""frame"": 5, ""category"": ""design_intent"", ""reasons"": [""low_sprite""], ""intent"": ""authored_dissolve""}]"
per-unit-2026-10-04,18/ranged/skill,8,8343,14867.0,359,409.0,"[{""frame"": 1, ""category"": ""design_intent"", ""reasons"": [""foreground_jump""], ""intent"": ""effect_phase_transition""}, {""frame"": 2, ""category"": ""design_intent"", ""reasons"": [""foreground_jump""], ""intent"": ""effect_phase_transition""}, {""frame"": 3, ""category"": ""design_intent"", ""reasons"": [""foreground_jump""], ""intent"": ""effect_phase_transition""}, {""frame"": 4, ""category"": ""design_intent"", ""reasons"": [""foreground_jump""], ""intent"": ""effect_phase_transition""}, {""frame"": 5, ""category"": ""design_intent"", ""reasons"": [""foreground_jump""], ""intent"": ""effect_phase_transition""}, {""frame"": 6, ""category"": ""design_intent"", ""reasons"": [""foreground_jump""], ""intent"": ""effect_phase_transition""}, {""frame"": 7, ""category"": ""design_intent"", ""reasons"": [""foreground_jump""], ""intent"": ""effect_phase_transition""}]"
per-unit-2026-10-04,26/dummy/idle,8,4336,4425.0,546,548.5,[]
per-unit-2026-10-04,26/dummy/walk,4,4239,4531.5,525,537.0,[]
per-unit-2026-10-04,26/dummy/windup,3,4302,4450,529,541,[]
per-unit-2026-10-04,26/dummy/strike,5,4480,4861,525,546,[]
per-unit-2026-10-04,26/dummy/hit,3,4987,5065,527,549,[]
per-unit-2026-10-04,26/dummy/death,6,3623,3991.5,105,296.5,"[{""frame"": 1, ""category"": ""design_intent"", ""reasons"": [""foreground_jump"", ""sprite_jump""], ""intent"": ""authored_dissolve""}, {""frame"": 3, ""category"": ""design_intent"", ""reasons"": [""sprite_jump""], ""intent"": ""authored_dissolve""}, {""frame"": 4, ""category"": ""design_intent"", ""reasons"": [""low_sprite"", ""sprite_jump""], ""intent"": ""authored_dissolve""}, {""frame"": 5, ""category"": ""design_intent"", ""reasons"": [""low_sprite""], ""intent"": ""authored_dissolve""}]"
per-unit-2026-10-04,26/dummy/skill,9,4571,5468,525,541,"[{""frame"": 3, ""category"": ""design_intent"", ""reasons"": [""foreground_jump""], ""intent"": ""effect_phase_transition""}, {""frame"": 5, ""category"": ""design_intent"", ""reasons"": [""foreground_jump""], ""intent"": ""effect_phase_transition""}]"
per-unit-2026-10-04,26/melee/idle,8,4477,4484.0,546,548.5,[]
per-unit-2026-10-04,26/melee/walk,4,4313,4365.0,525,537.0,[]
per-unit-2026-10-04,26/melee/windup,3,4164,4244,529,541,[]
per-unit-2026-10-04,26/melee/strike,5,4504,5062,525,546,[]
per-unit-2026-10-04,26/melee/hit,3,5169,5195,525,542,[]
per-unit-2026-10-04,26/melee/death,6,3677,4013.0,105,296.5,"[{""frame"": 1, ""category"": ""design_intent"", ""reasons"": [""foreground_jump"", ""sprite_jump""], ""intent"": ""authored_dissolve""}, {""frame"": 3, ""category"": ""design_intent"", ""reasons"": [""sprite_jump""], ""intent"": ""authored_dissolve""}, {""frame"": 4, ""category"": ""design_intent"", ""reasons"": [""low_sprite"", ""sprite_jump""], ""intent"": ""authored_dissolve""}, {""frame"": 5, ""category"": ""design_intent"", ""reasons"": [""low_sprite""], ""intent"": ""authored_dissolve""}]"
per-unit-2026-10-04,26/melee/skill,9,5585,6984,488,529,"[{""frame"": 3, ""category"": ""design_intent"", ""reasons"": [""foreground_jump""], ""intent"": ""effect_phase_transition""}, {""frame"": 4, ""category"": ""design_intent"", ""reasons"": [""foreground_jump""], ""intent"": ""effect_phase_transition""}, {""frame"": 5, ""category"": ""design_intent"", ""reasons"": [""foreground_jump""], ""intent"": ""effect_phase_transition""}]"
per-unit-2026-10-04,26/ranged/idle,8,4318,4329.5,546,548.5,[]
per-unit-2026-10-04,26/ranged/walk,4,4200,4327.5,525,537.0,[]
per-unit-2026-10-04,26/ranged/windup,3,4160,4218,529,541,[]
per-unit-2026-10-04,26/ranged/strike,5,4313,4839,525,546,[]
per-unit-2026-10-04,26/ranged/hit,3,5295,5318,528,533,[]
per-unit-2026-10-04,26/ranged/death,6,3920,4136.0,105,296.5,"[{""frame"": 1, ""category"": ""design_intent"", ""reasons"": [""foreground_jump"", ""sprite_jump""], ""intent"": ""authored_dissolve""}, {""frame"": 3, ""category"": ""design_intent"", ""reasons"": [""sprite_jump""], ""intent"": ""authored_dissolve""}, {""frame"": 4, ""category"": ""design_intent"", ""reasons"": [""low_sprite"", ""sprite_jump""], ""intent"": ""authored_dissolve""}, {""frame"": 5, ""category"": ""design_intent"", ""reasons"": [""low_sprite""], ""intent"": ""authored_dissolve""}]"
per-unit-2026-10-04,26/ranged/skill,9,8466,15372,510,529,"[{""frame"": 2, ""category"": ""design_intent"", ""reasons"": [""foreground_jump""], ""intent"": ""effect_phase_transition""}, {""frame"": 3, ""category"": ""design_intent"", ""reasons"": [""foreground_jump""], ""intent"": ""effect_phase_transition""}, {""frame"": 4, ""category"": ""design_intent"", ""reasons"": [""foreground_jump""], ""intent"": ""effect_phase_transition""}, {""frame"": 5, ""category"": ""design_intent"", ""reasons"": [""foreground_jump""], ""intent"": ""effect_phase_transition""}, {""frame"": 6, ""category"": ""design_intent"", ""reasons"": [""foreground_jump""], ""intent"": ""effect_phase_transition""}, {""frame"": 7, ""category"": ""design_intent"", ""reasons"": [""foreground_jump""], ""intent"": ""effect_phase_transition""}, {""frame"": 8, ""category"": ""design_intent"", ""reasons"": [""foreground_jump""], ""intent"": ""effect_phase_transition""}]"
range-refined-2026-10-04,6/dummy/attack,12,4492,4602.0,659,692.0,[]
range-refined-2026-10-04,6/dummy/cast,16,4550,5192.0,659,692.0,"[{""frame"": 7, ""category"": ""design_intent"", ""reasons"": [""foreground_jump""], ""intent"": ""effect_phase_transition""}, {""frame"": 8, ""category"": ""design_intent"", ""reasons"": [""foreground_jump""], ""intent"": ""effect_phase_transition""}, {""frame"": 9, ""category"": ""design_intent"", ""reasons"": [""foreground_jump""], ""intent"": ""effect_phase_transition""}, {""frame"": 13, ""category"": ""design_intent"", ""reasons"": [""foreground_jump""], ""intent"": ""effect_phase_transition""}]"
range-refined-2026-10-04,6/dummy/move,16,4486,4547.0,659,692.0,[]
range-refined-2026-10-04,6/dummy/hit,24,4165,4666.5,659,692.0,[]
range-refined-2026-10-04,6/melee/attack,12,4440,5063.0,657,692.0,[]
range-refined-2026-10-04,6/melee/cast,16,4415,5260.0,657,692.0,"[{""frame"": 7, ""category"": ""design_intent"", ""reasons"": [""foreground_jump""], ""intent"": ""effect_phase_transition""}, {""frame"": 8, ""category"": ""design_intent"", ""reasons"": [""foreground_jump""], ""intent"": ""effect_phase_transition""}, {""frame"": 9, ""category"": ""design_intent"", ""reasons"": [""foreground_jump""], ""intent"": ""effect_phase_transition""}]"
range-refined-2026-10-04,6/melee/move,16,4266,4412.5,659,692.0,[]
range-refined-2026-10-04,6/melee/hit,12,4637,5020.0,657,692.0,[]
range-refined-2026-10-04,6/ranged/attack,12,4597,5412.5,659,692.0,[]
range-refined-2026-10-04,6/ranged/cast,16,6185,8987.0,666,692.0,"[{""frame"": 5, ""category"": ""design_intent"", ""reasons"": [""foreground_jump""], ""intent"": ""effect_phase_transition""}, {""frame"": 6, ""category"": ""design_intent"", ""reasons"": [""foreground_jump""], ""intent"": ""effect_phase_transition""}, {""frame"": 7, ""category"": ""design_intent"", ""reasons"": [""foreground_jump""], ""intent"": ""effect_phase_transition""}, {""frame"": 8, ""category"": ""design_intent"", ""reasons"": [""foreground_jump""], ""intent"": ""effect_phase_transition""}, {""frame"": 9, ""category"": ""design_intent"", ""reasons"": [""foreground_jump""], ""intent"": ""effect_phase_transition""}, {""frame"": 10, ""category"": ""design_intent"", ""reasons"": [""foreground_jump""], ""intent"": ""effect_phase_transition""}, {""frame"": 11, ""category"": ""design_intent"", ""reasons"": [""foreground_jump""], ""intent"": ""effect_phase_transition""}, {""frame"": 12, ""category"": ""design_intent"", ""reasons"": [""foreground_jump""], ""intent"": ""effect_phase_transition""}]"
range-refined-2026-10-04,6/ranged/move,16,4368,4395.0,659,692.0,[]
range-refined-2026-10-04,6/ranged/hit,12,4416,4966.0,659,692.0,[]
range-refined-2026-10-04,65/dummy/attack,12,4366,4472.5,522,548.0,[]
range-refined-2026-10-04,65/dummy/cast,16,4422,5149.0,521,548.5,"[{""frame"": 6, ""category"": ""design_intent"", ""reasons"": [""foreground_jump""], ""intent"": ""effect_phase_transition""}, {""frame"": 7, ""category"": ""design_intent"", ""reasons"": [""foreground_jump""], ""intent"": ""effect_phase_transition""}, {""frame"": 8, ""category"": ""design_intent"", ""reasons"": [""foreground_jump""], ""intent"": ""effect_phase_transition""}, {""frame"": 12, ""category"": ""design_intent"", ""reasons"": [""foreground_jump""], ""intent"": ""effect_phase_transition""}]"
range-refined-2026-10-04,65/dummy/move,16,4358,4413.0,522,548.0,[]
range-refined-2026-10-04,65/dummy/hit,24,4040,4528.5,522,548.0,[]
range-refined-2026-10-04,65/melee/attack,12,4331,4925.0,521,548.0,[]
range-refined-2026-10-04,65/melee/cast,16,4766,5661.5,522,548.5,"[{""frame"": 6, ""category"": ""design_intent"", ""reasons"": [""foreground_jump""], ""intent"": ""effect_phase_transition""}, {""frame"": 7, ""category"": ""design_intent"", ""reasons"": [""foreground_jump""], ""intent"": ""effect_phase_transition""}, {""frame"": 8, ""category"": ""design_intent"", ""reasons"": [""foreground_jump""], ""intent"": ""effect_phase_transition""}, {""frame"": 12, ""category"": ""design_intent"", ""reasons"": [""foreground_jump""], ""intent"": ""effect_phase_transition""}]"
range-refined-2026-10-04,65/melee/move,16,4132,4301.0,522,548.0,[]
range-refined-2026-10-04,65/melee/hit,12,4592,5037.5,521,548.0,[]
range-refined-2026-10-04,65/ranged/attack,12,4475,5311.5,522,548.0,[]
range-refined-2026-10-04,65/ranged/cast,18,3660,7044.5,0,549.0,"[{""frame"": 3, ""category"": ""design_intent"", ""reasons"": [""foreground_jump""], ""intent"": ""effect_phase_transition""}, {""frame"": 4, ""category"": ""design_intent"", ""reasons"": [""foreground_jump""], ""intent"": ""effect_phase_transition""}, {""frame"": 9, ""category"": ""design_intent"", ""reasons"": [""foreground_jump""], ""intent"": ""effect_phase_transition""}, {""frame"": 11, ""category"": ""design_intent"", ""reasons"": [""foreground_jump""], ""intent"": ""effect_phase_transition""}, {""frame"": 12, ""category"": ""design_intent"", ""reasons"": [""foreground_jump"", ""low_sprite"", ""sprite_jump""], ""intent"": ""death_removed""}, {""frame"": 13, ""category"": ""design_intent"", ""reasons"": [""low_sprite""], ""intent"": ""death_removed""}, {""frame"": 14, ""category"": ""design_intent"", ""reasons"": [""low_sprite""], ""intent"": ""death_removed""}, {""frame"": 15, ""category"": ""design_intent"", ""reasons"": [""low_sprite""], ""intent"": ""death_removed""}, {""frame"": 16, ""category"": ""design_intent"", ""reasons"": [""low_sprite""], ""intent"": ""death_removed""}, {""frame"": 17, ""category"": ""design_intent"", ""reasons"": [""low_sprite""], ""intent"": ""death_removed""}]"
range-refined-2026-10-04,65/ranged/move,16,4234,4264.0,522,548.0,[]
range-refined-2026-10-04,65/ranged/hit,12,4307,4850.0,522,548.0,[]
range-refined-2026-10-04,143/dummy/attack,12,4482,4648.5,608,645.0,[]
range-refined-2026-10-04,143/dummy/cast,16,4530,4599.0,553,645.0,"[{""frame"": 6, ""category"": ""design_intent"", ""reasons"": [""foreground_jump""], ""intent"": ""effect_phase_transition""}, {""frame"": 7, ""category"": ""design_intent"", ""reasons"": [""foreground_jump""], ""intent"": ""effect_phase_transition""}, {""frame"": 8, ""category"": ""design_intent"", ""reasons"": [""foreground_jump""], ""intent"": ""effect_phase_transition""}, {""frame"": 12, ""category"": ""design_intent"", ""reasons"": [""foreground_jump""], ""intent"": ""effect_phase_transition""}]"
range-refined-2026-10-04,143/dummy/move,14,4445,4519.5,608,634.5,[]
range-refined-2026-10-04,143/dummy/hit,16,4281,4786.0,608,649.5,[]
range-refined-2026-10-04,143/melee/attack,12,4736,5226.0,626,645.0,[]
range-refined-2026-10-04,143/melee/cast,16,5448,7791.0,553,645.0,"[{""frame"": 4, ""category"": ""design_intent"", ""reasons"": [""foreground_jump""], ""intent"": ""effect_phase_transition""}, {""frame"": 5, ""category"": ""design_intent"", ""reasons"": [""foreground_jump""], ""intent"": ""effect_phase_transition""}, {""frame"": 6, ""category"": ""design_intent"", ""reasons"": [""foreground_jump""], ""intent"": ""effect_phase_transition""}, {""frame"": 7, ""category"": ""design_intent"", ""reasons"": [""foreground_jump""], ""intent"": ""effect_phase_transition""}, {""frame"": 8, ""category"": ""design_intent"", ""reasons"": [""foreground_jump""], ""intent"": ""effect_phase_transition""}, {""frame"": 9, ""category"": ""design_intent"", ""reasons"": [""foreground_jump""], ""intent"": ""effect_phase_transition""}, {""frame"": 10, ""category"": ""design_intent"", ""reasons"": [""foreground_jump""], ""intent"": ""effect_phase_transition""}]"
range-refined-2026-10-04,143/melee/move,14,4269,4408.5,608,634.5,[]
range-refined-2026-10-04,143/melee/hit,12,4614,5127.0,626,645.0,[]
range-refined-2026-10-04,143/ranged/attack,12,4765,5633.0,618,646.0,[]
range-refined-2026-10-04,143/ranged/cast,16,5471,6773.5,529,649.5,"[{""frame"": 6, ""category"": ""design_intent"", ""reasons"": [""foreground_jump""], ""intent"": ""effect_phase_transition""}, {""frame"": 7, ""category"": ""design_intent"", ""reasons"": [""foreground_jump""], ""intent"": ""effect_phase_transition""}, {""frame"": 8, ""category"": ""design_intent"", ""reasons"": [""foreground_jump""], ""intent"": ""effect_phase_transition""}]"
range-refined-2026-10-04,143/ranged/move,14,4311,4394.0,608,634.5,[]
range-refined-2026-10-04,143/ranged/hit,12,4394,5044.5,613,650.5,[]
range-refined-2026-10-04,76/dummy/attack,12,4505,4687.0,556,673.5,[]
range-refined-2026-10-04,76/dummy/cast,16,4505,4740.5,556,677.5,"[{""frame"": 6, ""category"": ""design_intent"", ""reasons"": [""foreground_jump""], ""intent"": ""effect_phase_transition""}, {""frame"": 7, ""category"": ""design_intent"", ""reasons"": [""foreground_jump""], ""intent"": ""effect_phase_transition""}, {""frame"": 8, ""category"": ""design_intent"", ""reasons"": [""foreground_jump""], ""intent"": ""effect_phase_transition""}]"
range-refined-2026-10-04,76/dummy/move,15,4459,4568,664,682,[]
range-refined-2026-10-04,76/dummy/hit,20,4171,4630.5,564,672.0,[]
range-refined-2026-10-04,76/melee/attack,12,4409,5144.5,544,672.0,[]
range-refined-2026-10-04,76/melee/cast,16,4791,8011.0,544,672.0,"[{""frame"": 2, ""category"": ""design_intent"", ""reasons"": [""foreground_jump""], ""intent"": ""effect_phase_transition""}, {""frame"": 3, ""category"": ""design_intent"", ""reasons"": [""foreground_jump""], ""intent"": ""effect_phase_transition""}, {""frame"": 4, ""category"": ""design_intent"", ""reasons"": [""foreground_jump""], ""intent"": ""effect_phase_transition""}, {""frame"": 6, ""category"": ""design_intent"", ""reasons"": [""foreground_jump""], ""intent"": ""effect_phase_transition""}, {""frame"": 7, ""category"": ""design_intent"", ""reasons"": [""foreground_jump""], ""intent"": ""effect_phase_transition""}, {""frame"": 8, ""category"": ""design_intent"", ""reasons"": [""foreground_jump""], ""intent"": ""effect_phase_transition""}, {""frame"": 12, ""category"": ""design_intent"", ""reasons"": [""foreground_jump""], ""intent"": ""effect_phase_transition""}, {""frame"": 15, ""category"": ""design_intent"", ""reasons"": [""foreground_jump""], ""intent"": ""effect_phase_transition""}]"
range-refined-2026-10-04,76/melee/move,15,4274,4457,664,682,[]
range-refined-2026-10-04,76/melee/hit,12,4409,5047.0,544,672.0,[]
range-refined-2026-10-04,76/ranged/attack,12,4686,5491.5,585,673.5,[]
range-refined-2026-10-04,76/ranged/cast,16,4702,7010.5,564,672.0,"[{""frame"": 1, ""category"": ""design_intent"", ""reasons"": [""foreground_jump""], ""intent"": ""effect_phase_transition""}, {""frame"": 2, ""category"": ""design_intent"", ""reasons"": [""foreground_jump""], ""intent"": ""effect_phase_transition""}, {""frame"": 6, ""category"": ""design_intent"", ""reasons"": [""foreground_jump""], ""intent"": ""effect_phase_transition""}, {""frame"": 7, ""category"": ""design_intent"", ""reasons"": [""foreground_jump""], ""intent"": ""effect_phase_transition""}, {""frame"": 8, ""category"": ""design_intent"", ""reasons"": [""foreground_jump""], ""intent"": ""effect_phase_transition""}]"
range-refined-2026-10-04,76/ranged/move,15,4353,4410,664,682,[]
range-refined-2026-10-04,76/ranged/hit,12,4467,5047.5,664,678.5,[]
